10,20,30,40,50,60,70,80,90,100,110,120,130,140,150,160,170,180,190,200,210,220,230,240,250,260,270,280,290,300,310,320,330,340,350,360,370,380,390,400,410,420,430,440,450,460,470,480,490,500,510,520,530,540,550,560,570,580,590,600
0,0,0,0,0,0,0,0,0,0,0,0,0,0,0,0,0,0,0,0,0,0,0,0,0,0,0,0,0,0,0,0,0,0,0,0,0,0,0,0,0,0,0,0,0,0,0,0,0,0,0,0,0,0,0,0,0,0,0,0
0,0,0,0,0,0,0,0,0,0,0,0,0,0,0,0,0,0,0,0,0,0,0,0,0,0,0,0,0,0,0,0,0,0,0,0,0,0,1,2,0,0,1,0,1,0,0,0,1,0,0,0,0,0,4,2,0,0,2,0
0,0,0,0,0,0,0,0,0,0,0,0,0,0,0,0,0,0,0,0,0,1,0,0,4,0,0,0,1,1,1,0,0,5,0,0,2,2,4,7,0,4,5,0,3,3,0,4,2,0,3,0,3,1,4,8,0,2,5,5
0,0,0,0,0,0,0,0,0,0,0,0,0,0,0,0,0,0,0,0,0,0,0,0,3,0,1,0,0,1,0,0,0,6,0,1,0,1,3,6,0,5,3,0,4,3,4,3,1,1,3,2,9,1,3,8,3,5,4,4
0,0,0,0,0,0,0,0,0,0,0,0,0,0,1,1,0,0,0,1,0,0,0,0,3,0,3,0,0,0,0,0,2,7,0,2,1,2,7,9,1,8,5,2,7,3,5,7,3,2,6,4,11,7,8,11,3,6,8,7
0,0,0,0,0,0,0,0,0,0,0,0,0,0,0,0,0,0,0,0,1,0,0,0,0,0,2,0,1,0,0,2,2,5,0,4,1,1,6,9,4,8,7,5,6,1,10,7,3,2,5,3,12,7,9,10,5,7,6,8
0,0,0,0,0,0,0,0,0,0,0,0,0,0,0,0,0,0,0,0,1,0,0,0,4,0,3,0,0,0,0,1,1,7,3,4,1,4,9,10,6,9,10,7,10,4,10,8,8,4,8,5,11,9,11,14,7,8,13,11
0,0,0,0,0,0,0,0,0,0,0,0,0,0,0,0,0,0,0,0,0,0,1,0,4,0,4,0,1,0,0,1,1,6,2,4,3,4,7,8,8,11,10,5,11,3,10,6,10,4,9,8,12,9,10,15,10,6,16,10
0,0,0,0,0,0,0,0,0,0,0,0,0,0,0,0,1,0,0,0,0,0,0,0,6,0,5,0,0,1,0,3,3,10,2,5,5,7,9,8,9,13,12,8,11,7,9,7,13,5,12,9,14,14,15,19,13,8,19,12
0,0,0,0,0,0,0,0,0,0,0,0,0,0,0,0,2,0,0,0,1,0,0,0,6,1,5,0,0,0,0,2,3,10,2,5,4,9,11,8,10,14,10,7,10,8,11,6,11,7,11,6,14,13,19,20,14,6,20,14
0,0,0,0,0,0,0,0,0,0,0,0,0,0,0,0,2,0,0,0,1,0,0,0,7,5,6,0,0,1,0,1,1,12,2,8,4,13,13,9,10,14,12,7,15,8,10,8,14,8,14,7,19,14,21,23,14,11,22,15
0,0,0,0,0,0,0,0,0,0,0,0,0,0,0,0,0,1,0,1,2,0,1,0,6,5,7,0,0,3,3,2,1,13,4,8,5,13,14,8,10,14,10,5,18,7,15,8,13,12,16,4,20,15,22,27,14,8,26,13
0,0,0,0,0,0,0,0,0,0,0,0,0,0,0,0,0,0,0,0,0,0,0,0,8,7,7,0,0,4,3,4,0,15,4,6,7,14,15,8,11,13,11,7,21,10,14,10,16,13,19,7,20,21,26,31,16,10,30,16
0,0,0,0,0,0,0,0,0,0,0,0,0,0,0,0,0,1,0,0,0,0,0,0,5,6,6,0,0,3,5,3,0,12,4,6,5,13,15,7,15,14,11,6,22,10,15,9,13,11,19,5,20,19,28,34,16,9,32,16
0,0,0,0,0,0,0,0,0,0,0,0,0,0,0,0,0,0,0,0,1,0,0,0,5,5,6,0,0,4,5,3,0,13,3,5,5,15,16,9,15,14,12,8,27,11,13,11,16,16,23,8,23,21,30,35,15,15,36,21
0,0,0,0,0,0,0,0,0,0,0,0,0,0,0,0,0,0,0,5,1,0,0,0,5,3,8,1,0,4,4,1,4,12,4,6,8,14,13,7,15,13,13,9,29,10,13,9,16,16,21,9,21,20,29,34,18,16,35,25
0,0,0,0,0,0,0,0,0,0,0,0,0,0,0,0,0,0,0,4,0,0,0,0,8,2,8,1,0,5,2,2,5,13,3,6,8,14,15,11,17,14,16,9,29,12,16,11,19,16,25,11,24,24,31,34,21,17,35,29
0,0,0,0,0,0,0,0,0,0,0,0,0,0,1,0,0,0,0,5,0,0,0,0,5,3,6,2,0,2,3,3,5,11,5,7,8,14,13,8,17,15,14,10,26,10,19,9,19,21,24,11,23,23,30,33,23,16,36,28
0,0,0,0,0,0,0,0,0,0,0,0,0,0,1,1,0,0,0,3,1,0,0,0,5,2,6,1,0,3,1,3,4,12,6,6,9,15,16,11,16,13,15,12,26,13,18,12,21,24,30,14,26,26,31,36,24,20,41,29
0,0,0,0,0,0,0,0,0,0,0,0,0,0,0,0,0,0,3,2,0,2,0,0,2,2,5,0,0,1,1,3,5,11,7,10,7,14,15,12,17,14,13,12,24,13,20,16,19,26,29,11,25,25,31,36,23,20,44,28
0,0,0,0,0,0,0,0,0,0,0,0,0,0,0,2,0,0,1,0,0,1,0,0,3,1,4,0,1,3,1,6,7,15,7,9,8,14,18,13,18,14,15,13,26,16,18,18,21,26,30,14,27,30,36,38,25,23,48,28
0,0,0,0,0,0,0,0,0,0,0,0,0,0,0,0,0,0,2,1,0,1,1,0,0,0,2,0,0,3,1,5,8,15,11,11,7,12,21,12,17,13,14,13,24,16,18,16,20,26,27,12,29,29,34,38,27,21,47,29
0,0,0,0,0,0,0,0,0,0,0,0,0,0,0,2,0,0,0,0,0,1,0,0,1,2,1,1,1,4,0,10,7,15,13,11,7,13,24,14,16,15,22,14,29,18,19,17,22,27,31,15,30,33,37,40,26,25,49,31
0,0,0,0,0,0,0,0,0,0,0,0,0,0,0,1,0,0,1,0,0,3,0,0,0,4,1,2,1,4,0,10,9,12,16,15,9,13,21,13,16,18,24,18,28,17,20,16,23,27,30,13,31,33,35,41,26,23,49,33
0,0,0,0,0,0,0,0,0,0,0,0,0,0,0,1,0,0,0,0,1,2,0,0,0,4,2,2,2,7,1,10,9,12,14,16,9,15,24,18,17,21,28,22,31,19,20,18,26,30,32,14,33,36,37,41,29,25,52,38
0,0,0,0,0,0,0,0,0,0,0,0,0,0,0,0,0,0,0,0,1,1,0,0,0,5,3,3,1,6,0,11,8,11,15,16,8,14,22,15,19,24,28,23,29,18,20,17,25,30,33,14,35,38,39,42,27,25,50,39
0,0,0,0,0,0,0,0,0,0,0,0,0,0,0,0,0,3,0,1,0,0,1,0,0,3,3,3,0,8,0,12,8,12,14,14,10,14,23,16,17,23,31,23,31,20,22,21,26,33,34,15,36,42,41,46,26,28,51,42
0,0,0,0,0,0,0,0,1,0,0,0,0,0,0,0,0,2,0,0,1,0,2,0,0,5,1,4,0,7,0,14,9,12,15,16,10,13,23,17,16,24,28,23,31,21,22,22,25,33,41,15,34,43,44,43,28,27,49,46
0,0,0,0,0,0,0,0,1,0,0,0,0,0,0,0,0,1,1,1,3,0,1,0,0,4,2,1,0,7,0,17,9,13,15,18,10,12,26,17,18,27,32,24,33,21,22,23,28,35,44,17,37,44,46,44,30,34,54,50
0,0,0,0,0,0,0,0,0,0,0,0,0,0,0,0,0,0,0,0,3,0,2,0,0,3,2,2,1,6,0,18,9,11,16,20,8,10,25,15,20,31,30,24,32,19,22,27,27,34,44,19,37,44,46,45,30,37,54,48
0,0,0,0,0,0,0,0,0,0,0,0,0,0,0,0,0,0,0,2,3,0,1,0,0,1,2,3,0,8,2,21,11,14,16,19,11,13,27,17,19,32,32,26,33,19,23,31,28,34,46,22,36,48,54,47,30,43,55,49
0,0,0,0,0,0,0,0,0,0,0,0,0,0,0,0,0,0,0,1,3,0,2,0,0,2,0,5,2,11,1,19,11,13,18,19,9,13,25,15,18,34,33,27,34,18,26,33,27,33,44,22,36,47,52,47,30,42,53,49
0,0,0,0,0,0,0,0,0,0,0,0,0,0,0,0,2,0,0,3,3,0,1,0,0,2,2,2,0,12,3,20,10,15,17,21,11,13,27,18,17,34,34,26,40,22,25,35,29,35,44,24,37,49,53,49,35,47,58,51
0,0,0,0,0,0,0,0,0,1,0,0,0,0,0,0,0,0,0,2,2,0,3,0,1,1,0,4,1,12,2,20,11,12,19,22,11,13,25,22,21,34,31,30,38,21,28,35,30,36,42,24,41,49,51,49,34,49,57,50
0,0,0,0,0,0,0,0,0,0,0,0,0,0,0,0,0,0,0,1,1,0,1,0,0,0,0,3,1,15,2,24,10,14,20,21,12,14,26,24,21,35,33,29,42,26,29,37,33,37,44,26,42,51,53,51,34,50,60,52
0,0,0,0,0,0,0,0,0,0,0,0,0,0,0,0,0,0,0,1,1,0,0,1,0,1,0,5,0,12,3,25,10,12,21,21,14,14,25,22,22,36,32,31,41,25,29,40,31,38,46,27,42,51,56,51,35,49,58,50
0,0,0,0,0,0,0,0,0,0,0,0,0,0,0,0,0,0,0,1,1,0,0,1,2,0,0,4,0,16,3,26,10,14,19,20,13,15,27,22,23,37,33,31,45,27,32,42,33,37,51,29,43,52,58,51,36,51,59,54
0,0,0,0,0,0,0,0,0,0,0,0,0,0,0,0,0,0,0,0,0,0,0,0,2,0,0,5,0,13,5,25,9,12,19,21,14,17,24,20,24,37,34,32,43,28,34,41,34,37,50,29,44,50,56,50,37,49,58,52
0,0,0,0,0,0,0,0,0,0,0,0,0,0,0,0,1,0,0,0,0,0,1,0,1,0,0,4,0,15,4,25,9,13,17,22,14,18,25,23,25,35,35,31,45,30,35,45,35,39,50,34,45,52,60,51,41,52,58,55
0,0,0,0,0,0,0,0,0,0,0,0,0,0,0,0,1,0,0,0,0,0,0,0,2,0,0,4,0,15,2,27,12,11,19,21,16,19,24,23,25,36,36,31,46,29,37,44,36,37,51,33,46,55,61,48,41,50,58,52
0,0,0,0,0,0,0,0,0,0,0,0,0,0,0,0,0,1,0,0,0,0,0,0,0,0,0,1,1,15,1,27,10,11,20,22,19,21,28,27,25,34,38,31,48,33,39,45,37,38,52,37,46,60,63,51,41,50,63,54
0,0,0,0,0,0,0,0,0,0,0,0,0,0,0,0,0,0,0,0,2,0,0,0,0,0,0,3,3,12,0,25,10,9,23,22,21,19,25,28,25,33,38,31,48,34,40,45,38,38,51,40,45,60,62,50,40,48,62,53
0,0,0,0,0,0,0,0,0,0,0,0,0,0,0,0,1,0,0,0,0,0,1,0,0,2,0,2,0,15,3,25,9,13,23,20,23,21,25,30,25,34,43,30,50,38,38,49,39,42,55,43,45,64,68,57,41,52,65,58
0,0,0,0,0,0,0,0,0,0,0,0,0,0,0,0,0,0,0,0,0,0,0,0,2,1,2,3,2,15,3,25,8,12,23,19,21,20,25,27,25,34,45,28,51,37,41,48,40,44,57,43,48,63,66,57,43,50,66,59
0,0,0,0,0,1,0,0,0,0,0,0,0,0,0,2,0,0,0,0,0,0,0,0,0,0,1,4,1,17,3,24,8,14,22,18,25,20,25,30,26,34,45,28,53,41,40,50,43,47,58,48,52,65,69,61,48,55,71,63
0,0,0,0,0,0,0,0,0,0,0,0,0,0,0,4,0,0,1,2,0,0,0,1,0,0,2,5,1,14,4,25,9,14,24,18,23,18,24,28,26,34,45,29,55,44,40,49,43,46,55,46,51,63,70,60,48,60,71,62
0,0,0,0,0,0,0,0,0,0,0,0,0,0,0,2,0,0,0,0,0,0,0,0,0,2,0,2,0,16,5,27,9,18,24,18,22,20,26,30,26,35,47,29,55,44,43,51,45,48,57,46,52,66,74,60,49,63,75,64
0,0,0,0,0,0,0,0,0,0,0,0,0,0,0,3,0,0,0,4,0,0,0,0,0,3,1,3,1,16,5,27,9,15,27,18,24,20,25,29,29,38,49,32,54,42,43,50,43,47,57,43,51,65,71,59,50,62,74,62
0,0,0,0,0,0,0,0,0,0,0,0,0,0,0,2,0,0,0,2,1,0,0,0,1,2,0,1,3,17,9,29,9,20,26,20,24,22,27,30,31,36,52,31,58,43,44,50,47,48,60,46,52,67,74,62,51,64,77,66
0,0,0,0,0,0,0,0,0,0,0,0,0,0,1,1,0,0,0,4,2,0,0,0,1,5,0,1,3,15,9,28,9,20,26,20,24,22,26,28,34,37,55,32,58,41,45,47,49,48,60,45,53,67,73,60,51,66,77,64
0,0,0,0,0,0,0,0,0,0,0,0,0,0,0,0,0,0,0,4,3,0,0,0,0,5,0,2,3,15,11,29,9,22,27,19,25,22,28,31,34,37,55,33,62,43,44,49,53,55,61,45,54,69,77,65,54,70,79,69
0,0,0,0,0,0,0,0,0,0,0,0,0,0,0,0,0,0,0,6,2,0,0,1,0,7,1,3,1,13,10,27,11,21,27,19,24,23,26,31,34,39,55,34,60,43,44,48,52,56,59,46,53,68,78,64,53,68,78,68
0,0,0,0,0,0,0,0,0,0,0,0,0,0,0,0,0,0,0,4,0,0,0,2,2,8,2,0,2,14,12,27,11,23,29,19,24,24,27,34,32,38,56,35,63,46,47,52,53,57,64,47,55,72,83,70,53,71,80,72
0,0,0,0,0,0,0,0,0,0,0,0,0,0,0,3,0,0,1,4,0,0,0,1,1,9,3,1,2,13,10,26,11,23,31,20,23,23,30,32,36,37,57,35,62,47,48,50,51,57,62,47,56,72,85,72,56,72,84,70
0,0,0,0,0,0,0,0,0,0,0,1,0,0,0,0,0,0,1,3,0,0,1,3,2,10,4,0,5,14,10,28,12,26,30,18,23,24,31,32,36,35,61,34,66,51,48,53,53,58,64,50,57,75,87,74,60,75,87,77
0,0,0,0,0,0,0,0,0,0,0,1,0,0,0,0,0,0,0,3,0,0,1,3,1,10,3,0,4,13,11,28,12,27,29,19,23,23,29,31,38,35,58,34,65,49,48,52,56,58,62,48,58,75,88,74,60,75,86,78
0,0,0,0,0,0,0,0,0,0,0,1,0,0,0,0,0,0,0,1,0,0,2,3,4,12,2,0,4,14,12,28,13,31,27,18,24,24,32,36,37,39,58,35,68,49,48,53,58,59,65,50,59,75,92,75,61,77,89,79
0,0,0,0,0,0,0,0,0,0,0,0,0,0,0,0,0,0,0,4,1,0,1,1,2,13,4,0,5,12,11,29,12,29,28,19,27,23,29,34,41,39,56,35,68,46,47,50,56,59,64,50,58,75,93,73,67,78,89,77
0,0,0,0,0,0,0,0,0,0,0,0,0,0,0,0,0,0,0,2,2,0,2,1,4,12,4,0,6,13,11,32,12,31,29,18,29,23,31,35,40,41,60,37,68,48,48,52,58,61,66,52,58,76,95,74,68,80,90,78
0,0,0,0,0,0,0,0,0,0,0,0,0,0,0,0,0,0,0,3,2,0,2,1,3,11,6,0,6,12,11,32,13,30,29,18,28,23,29,33,41,43,58,38,67,49,49,50,59,62,64,52,61,74,98,74,66,80,88,81
0,0,0,0,0,0,0,0,0,0,0,0,0,0,0,0,0,0,0,1,2,0,4,3,5,12,8,0,5,13,10,32,11,34,29,22,30,26,32,36,40,43,59,38,69,50,51,51,62,62,66,55,62,76,103,75,66,81,95,83
0,0,0,0,0,0,0,0,0,0,0,0,0,0,0,0,0,0,0,2,1,0,4,2,6,12,7,0,5,11,11,32,12,31,29,22,30,26,30,35,42,46,60,38,67,48,50,49,59,60,69,56,65,77,104,76,69,84,95,82
0,0,0,0,0,0,0,0,0,0,0,0,0,0,0,0,0,0,0,0,0,0,3,4,6,12,7,1,7,15,10,31,12,34,30,21,33,26,30,36,42,47,62,38,67,49,50,50,63,60,69,58,69,78,106,79,75,86,99,86
0,0,0,0,0,0,0,0,0,0,0,0,0,0,0,0,0,1,1,0,3,0,2,5,5,13,6,0,8,17,9,30,13,32,31,21,32,26,29,35,44,48,59,41,66,47,52,51,62,60,67,60,69,80,107,80,75,87,101,84
0,0,0,0,0,0,0,0,0,0,0,0,0,0,0,0,0,2,1,0,1,0,3,9,4,12,6,0,8,20,9,29,14,36,32,20,32,28,30,36,45,48,61,44,67,49,52,53,63,60,69,63,72,80,112,83,76,89,103,86
0,0,0,0,0,0,0,0,0,0,0,0,0,0,0,0,0,2,1,0,1,1,2,9,6,11,7,0,7,17,7,27,13,35,31,22,31,28,27,35,46,51,59,42,67,49,54,53,62,59,69,63,73,78,116,84,77,91,102,85
0,0,0,0,0,0,0,0,0,0,0,0,0,0,0,0,0,3,1,0,1,2,3,9,6,9,7,1,7,18,7,27,12,35,32,22,32,30,28,35,47,52,63,43,73,49,54,57,63,60,72,66,73,83,118,86,78,92,105,88
0,0,0,0,0,0,0,0,0,0,0,0,0,0,0,0,1,2,0,0,3,2,2,9,6,8,7,0,6,16,6,27,13,33,33,22,33,29,25,32,48,53,61,44,72,48,55,57,62,60,70,64,75,85,116,86,79,94,103,86
0,0,0,0,0,0,0,0,0,0,0,0,0,0,0,0,1,3,0,0,1,2,2,10,5,8,6,3,6,17,6,26,12,35,34,21,34,29,26,32,48,55,61,46,77,49,55,59,62,62,71,67,74,88,117,88,83,96,104,86
0,0,0,0,0,0,0,0,0,0,0,0,0,0,0,0,0,0,0,0,0,2,3,8,4,8,6,5,5,15,7,25,13,32,33,20,36,30,25,29,49,54,60,45,76,48,56,57,63,60,73,66,73,85,114,86,85,99,102,85
0,0,0,0,0,0,0,0,0,0,0,1,0,0,0,0,0,0,0,0,0,2,2,8,4,7,5,4,6,15,7,27,13,32,33,19,37,31,27,33,49,52,63,46,78,48,57,61,64,66,74,68,75,86,116,90,86,104,105,87
0,0,0,0,0,0,0,0,0,0,0,0,0,0,0,0,0,0,0,0,0,1,1,6,4,7,5,5,7,12,6,26,18,32,33,19,35,31,25,33,48,53,63,49,81,48,56,60,63,68,72,68,76,83,115,89,88,103,104,91
0,0,0,0,0,0,0,0,0,0,0,0,0,0,0,0,0,0,0,0,0,3,3,5,4,7,5,5,7,13,7,26,16,33,31,22,34,36,30,35,48,54,63,49,83,49,60,61,66,69,77,71,78,87,117,91,92,108,105,93
0,0,0,0,0,0,0,0,0,0,0,0,0,0,0,1,0,0,0,0,0,2,3,7,3,7,6,5,6,11,6,26,16,32,33,24,37,36,28,34,48,56,62,51,81,46,61,59,66,69,75,72,78,85,117,90,91,110,103,93
0,0,0,0,0,0,0,0,0,2,0,0,0,0,0,0,0,0,0,0,0,1,4,7,2,8,5,9,8,13,5,27,16,34,32,23,36,36,29,38,47,56,64,52,83,47,63,60,66,70,76,74,79,88,119,91,93,112,103,93
0,0,0,0,0,0,0,0,0,0,0,0,0,0,0,0,0,0,0,0,1,0,2,6,1,10,6,10,9,10,4,26,16,31,34,23,37,38,27,36,49,58,66,51,83,44,64,59,65,70,78,74,79,86,119,89,91,113,104,92
0,0,0,0,0,0,0,0,0,0,0,0,0,0,0,0,0,0,0,0,2,3,3,7,3,9,5,11,9,11,5,28,17,32,34,26,36,41,30,36,51,61,68,51,84,46,63,62,70,70,79,79,80,89,119,90,92,116,105,96
0,0,0,0,0,0,0,0,0,0,0,0,0,0,0,0,0,0,0,0,1,3,1,7,1,8,4,10,9,9,4,27,17,29,35,27,36,41,31,36,51,63,65,51,84,45,66,62,67,69,76,77,82,88,117,90,93,117,106,95
0,0,0,0,0,0,0,0,0,0,0,0,0,0,0,0,1,0,0,0,1,5,3,6,3,7,2,11,9,13,6,27,19,30,35,27,37,41,34,37,52,62,68,53,86,47,66,63,72,70,77,80,82,88,122,91,93,118,109,98
0,0,0,0,0,0,0,0,0,0,0,0,0,4,0,0,1,0,0,2,0,6,4,6,2,6,2,13,13,13,6,27,19,28,37,28,35,39,32,35,51,64,66,51,85,48,68,63,73,69,75,81,84,87,119,90,95,120,107,97
0,0,0,0,0,0,0,0,0,0,0,0,0,2,0,0,1,0,0,1,0,6,5,10,1,7,1,13,14,15,6,27,21,29,37,28,35,40,33,36,50,63,67,53,91,49,67,64,75,72,75,85,85,91,121,93,97,125,110,99
0,0,0,0,0,0,0,0,0,0,0,0,0,2,0,0,0,1,0,2,0,9,5,8,1,8,1,13,14,13,7,26,22,30,36,30,33,39,31,34,54,64,65,53,89,47,69,62,77,72,73,83,84,95,121,92,96,125,113,98
0,0,0,0,0,0,0,0,0,0,0,0,0,2,0,0,0,0,0,2,0,8,6,8,1,6,0,12,13,16,8,26,21,33,36,34,35,39,33,40,53,64,67,54,95,47,67,64,78,75,74,85,85,99,125,98,97,127,114,101
0,0,0,0,0,0,0,0,0,0,0,0,0,2,0,0,0,0,0,2,1,8,4,6,1,7,0,11,12,15,8,27,21,33,37,33,37,38,30,38,53,64,66,56,93,47,69,63,79,76,72,83,85,100,129,100,96,129,114,101
0,0,0,0,0,0,0,0,0,0,0,0,0,0,0,0,2,0,0,1,0,8,3,5,1,5,0,10,11,16,8,29,19,33,38,32,38,37,31,38,51,66,69,57,96,48,68,65,82,77,73,84,86,102,129,102,96,133,117,105
0,0,0,0,0,0,0,0,0,0,0,0,0,1,0,0,2,0,0,1,0,6,1,4,0,4,1,9,11,15,8,29,19,33,38,32,36,35,29,38,51,67,69,58,95,47,69,63,81,80,76,83,88,100,128,100,97,133,116,102
0,0,0,0,0,0,0,0,0,0,0,0,0,0,0,0,2,0,0,3,0,7,1,3,3,4,0,11,13,16,8,30,18,36,40,33,37,35,29,43,50,68,71,58,102,50,71,64,84,83,78,85,90,101,129,105,96,137,117,102
0,0,0,0,0,0,0,0,0,0,0,0,0,0,0,0,0,0,0,3,0,6,0,4,6,4,0,10,12,15,6,29,20,34,42,37,36,36,29,41,51,68,69,58,102,49,70,62,86,85,80,89,90,101,127,104,96,140,118,101
0,0,0,0,0,0,0,0,0,0,0,0,0,0,0,0,0,0,0,2,0,6,0,6,4,5,0,10,13,18,7,29,20,37,40,38,36,38,30,42,49,69,72,61,104,54,69,63,91,88,88,92,92,106,133,104,97,140,121,106
0,0,0,0,0,0,0,0,0,0,0,0,0,0,0,0,0,0,0,1,0,5,0,5,5,5,0,11,12,19,6,29,20,35,43,41,34,38,33,40,50,71,70,61,101,53,73,62,90,87,87,92,91,105,131,104,98,141,118,104
0,0,0,0,0,0,0,0,0,0,0,0,0,0,0,0,0,0,0,2,0,5,0,4,6,4,2,13,14,19,6,29,20,36,42,39,36,37,35,40,49,69,74,61,104,55,74,66,92,87,87,93,91,110,135,109,101,142,123,107
0,0,0,0,0,0,0,0,0,0,0,0,0,0,0,0,0,0,0,0,0,3,0,3,7,5,0,11,14,19,5,27,19,34,42,40,38,40,36,39,48,71,74,59,104,53,74,68,94,86,87,91,90,108,135,111,102,140,121,105
0,0,0,0,0,0,0,0,0,0,0,0,0,0,0,0,0,1,0,0,0,4,0,2,6,4,0,11,15,21,5,26,20,34,40,40,40,40,39,39,49,69,77,61,104,57,73,70,97,90,89,94,94,110,139,112,103,143,123,108
0,0,0,0,0,0,0,0,0,0,0,0,0,0,0,0,1,0,0,0,0,4,0,1,7,3,0,13,14,19,5,26,22,31,40,41,40,40,39,38,50,72,74,64,102,55,73,69,94,92,87,92,94,110,137,114,104,143,127,107
0,0,0,0,0,0,0,0,0,0,0,0,0,0,0,1,0,0,0,0,0,3,0,2,6,2,0,15,16,20,4,26,21,32,41,42,41,40,40,41,51,73,75,65,103,58,74,71,98,92,88,96,94,113,138,117,105,148,129,108
0,0,0,0,0,0,0,0,0,0,0,0,0,0,1,2,0,0,0,0,0,4,0,4,5,1,0,13,15,18,5,26,23,32,41,43,42,43,38,40,50,75,74,64,103,57,75,71,97,91,88,93,96,113,138,116,107,148,130,107
0,0,0,0,0,0,0,0,0,0,0,0,0,0,1,0,0,0,0,1,0,3,0,6,6,0,0,15,18,19,5,26,23,33,42,42,41,46,38,43,49,74,76,68,106,58,77,73,104,92,88,95,99,114,139,118,107,152,139,108
0,0,0,0,0,0,0,0,0,0,0,0,0,0,2,0,0,0,0,1,0,3,5,5,6,0,0,17,20,18,5,25,23,33,42,43,41,45,36,44,50,76,76,67,107,57,78,73,104,91,86,97,100,114,141,116,108,150,139,108
0,0,0,0,0,0,0,0,0,0,0,0,2,0,2,0,0,0,0,0,0,3,3,4,8,4,0,17,20,20,5,26,23,35,43,41,42,46,40,44,50,79,76,67,109,58,79,74,107,91,91,99,100,117,142,118,111,151,141,110
0,0,0,0,0,0,0,0,0,0,0,0,1,0,0,0,0,0,0,0,0,1,5,4,7,3,0,17,19,18,7,26,25,33,42,44,42,46,40,44,51,79,73,67,107,57,80,72,106,90,91,97,99,116,140,117,114,151,139,111
0,0,0,0,0,0,0,0,0,0,0,0,0,0,0,0,0,0,0,0,3,1,4,5,9,6,0,17,20,19,12,28,26,37,42,45,45,46,42,44,49,80,74,68,108,59,78,76,109,91,92,100,99,118,143,118,119,151,141,115
0,0,0,0,0,0,0,0,0,0,0,0,0,0,0,0,0,0,0,0,1,0,5,6,13,4,2,15,21,17,11,30,29,34,45,47,43,45,39,43,49,79,74,66,109,61,78,77,106,90,89,99,101,116,142,116,123,150,140,113
0,0,0,0,0,0,0,0,0,0,0,0,0,1,0,0,0,0,0,0,3,0,3,7,13,5,3,17,21,18,12,30,29,37,45,49,45,47,42,44,48,79,75,66,110,62,79,78,109,95,91,100,102,120,144,119,129,152,142,117
0,0,0,0,0,0,0,0,0,0,0,0,0,1,1,0,0,0,1,0,3,0,4,6,13,5,3,17,21,16,12,29,29,37,46,50,45,47,42,42,50,81,73,68,107,62,82,77,107,96,90,101,102,120,143,117,131,151,141,119
0,0,0,0,0,0,0,0,0,0,0,0,0,1,0,0,0,1,0,0,3,0,3,6,13,5,4,19,23,16,12,31,29,39,47,52,45,47,43,45,49,80,75,68,107,69,82,79,113,101,91,104,106,120,148,119,132,151,144,122
0,0,0,0,0,0,0,0,0,0,0,0,0,0,0,0,0,0,0,0,1,0,4,8,12,4,6,18,23,14,11,31,32,36,47,51,47,46,41,43,51,82,74,68,107,68,83,77,113,105,91,103,107,122,147,117,133,150,143,123
0,0,0,0,0,0,0,0,0,0,0,0,0,0,0,0,0,1,0,0,3,1,4,10,12,5,6,17,22,17,10,31,33,37,45,53,49,46,42,45,49,83,76,69,110,73,84,79,114,105,93,106,110,126,149,120,134,153,145,128
0,0,0,0,0,0,0,0,0,0,0,0,0,0,0,0,0,0,0,0,1,3,6,10,14,4,7,18,23,14,10,31,33,35,48,56,50,46,40,46,52,83,76,70,107,75,86,78,112,105,91,108,109,127,151,117,136,151,143,128
0,0,0,0,0,0,0,0,0,0,0,0,0,0,0,0,0,1,0,0,1,4,4,11,12,3,8,19,24,15,9,30,33,37,50,55,50,46,43,48,51,82,81,71,108,77,88,80,115,106,93,111,112,129,156,119,137,157,145,129
0,0,0,0,0,0,0,0,0,0,0,0,0,0,0,0,0,0,1,0,0,6,5,10,11,3,11,18,23,13,8,28,34,36,50,56,50,45,42,47,50,83,82,71,107,74,90,77,114,105,94,109,112,126,157,119,140,154,144,127
0,0,0,0,0,0,0,0,0,0,0,0,0,0,1,0,0,2,1,0,0,4,3,10,10,2,11,17,23,14,10,28,34,37,52,57,49,44,42,47,49,81,84,73,108,75,88,78,114,107,96,110,111,127,162,122,143,157,145,129
0,0,0,0,0,0,0,0,0,0,0,0,0,0,2,0,0,1,0,0,0,5,4,9,9,2,11,17,22,12,8,28,36,38,53,57,47,42,40,45,53,83,81,72,106,73,89,78,114,109,95,113,110,127,164,122,146,155,146,126
0,0,0,0,0,0,0,0,0,0,0,0,0,0,1,0,0,1,0,0,0,6,1,9,8,3,10,17,28,13,7,28,36,38,52,57,49,46,41,46,53,82,83,73,106,75,87,81,114,108,95,114,110,127,166,126,149,155,147,128
0,0,0,0,0,0,0,0,0,0,0,0,0,0,0,0,0,1,0,0,0,6,1,8,8,4,9,16,27,13,7,27,35,37,52,56,49,46,42,46,56,85,83,72,104,74,89,81,112,108,92,111,109,126,165,126,150,156,147,130
0,0,0,0,0,0,0,0,0,0,0,0,0,0,0,0,0,2,1,0,0,5,0,7,8,3,8,15,29,13,10,28,33,38,54,55,50,46,45,48,57,86,84,74,106,76,90,83,113,110,93,112,110,126,167,130,153,157,151,132
0,0,0,0,0,0,0,0,0,0,0,0,0,0,0,0,0,1,1,0,0,6,0,6,10,1,8,13,28,14,9,26,36,38,58,56,51,44,45,45,59,87,83,73,104,78,93,82,112,111,90,111,111,124,166,127,152,157,153,132
0,0,0,0,0,0,0,0,0,0,0,1,1,0,0,0,0,0,2,1,0,5,0,6,9,0,9,12,29,15,10,26,35,41,58,57,51,44,46,45,59,87,85,73,104,78,91,83,113,111,95,115,116,126,169,132,154,158,155,134
0,0,0,0,0,0,0,0,0,0,0,0,0,0,0,0,2,0,2,0,0,5,0,5,8,0,9,11,27,12,10,26,35,41,59,59,50,43,46,45,59,91,84,74,103,77,92,80,112,111,96,115,114,125,168,133,153,158,159,134
0,0,0,0,0,0,0,0,0,0,0,0,0,0,0,0,0,0,0,0,0,4,0,5,6,0,8,10,29,12,10,26,37,42,59,60,50,46,48,48,62,91,86,76,103,80,91,84,114,115,101,117,114,127,168,135,155,158,160,137
0,0,0,0,0,0,0,0,0,0,0,0,0,0,0,0,0,0,0,0,0,3,0,4,5,0,7,9,29,10,10,24,36,40,60,61,51,46,46,46,63,90,85,75,101,81,92,81,112,115,103,116,112,127,168,134,156,159,160,135
0,0,0,0,0,0,0,0,0,0,0,0,0,0,0,0,0,0,0,0,0,2,0,6,4,1,6,11,30,11,10,24,34,40,58,59,50,45,47,47,61,94,86,74,101,84,93,85,115,116,105,117,114,127,172,134,157,164,163,138
0,0,0,0,0,0,0,0,0,0,0,0,0,0,1,0,0,0,0,1,0,2,0,4,3,0,6,12,28,10,8,23,34,42,59,61,49,44,46,45,63,94,84,73,100,81,92,83,113,118,103,118,115,128,170,132,155,162,162,139
0,0,0,0,0,0,0,0,0,0,0,0,0,0,0,0,0,0,0,0,1,2,0,5,2,0,5,12,28,11,8,25,33,43,57,60,49,46,47,46,63,93,86,73,104,83,94,83,114,118,105,120,118,131,172,137,159,165,163,139
0,0,0,0,0,0,0,0,0,1,0,0,1,0,0,0,0,0,0,0,1,2,0,4,3,0,4,11,26,9,8,23,34,42,56,61,49,47,47,46,66,92,85,71,103,84,97,84,116,122,104,117,116,130,174,137,161,166,161,138
0,0,0,0,0,0,0,0,0,3,0,0,1,0,0,0,0,0,0,1,1,1,0,6,2,1,2,13,25,10,8,22,34,43,54,60,50,49,51,47,68,92,85,72,104,86,99,86,118,124,106,117,117,131,176,138,164,171,165,139
0,0,0,0,0,0,0,0,0,3,0,0,0,0,0,0,0,0,1,2,0,2,0,5,1,0,2,13,24,8,8,20,35,40,53,60,49,49,50,47,67,91,82,70,101,87,100,85,116,123,109,116,117,130,175,136,165,171,166,137
0,0,0,0,0,0,0,0,0,2,0,0,0,0,0,0,1,0,0,0,1,2,0,6,2,0,2,12,27,11,8,19,35,40,52,61,48,50,52,48,66,90,84,72,103,88,100,88,117,126,111,118,116,133,176,141,167,173,166,140
0,0,0,0,0,0,0,0,0,1,0,0,0,0,0,0,0,0,0,1,1,2,2,5,2,0,2,12,25,8,7,17,34,40,53,60,46,49,50,47,69,89,85,71,102,89,100,87,114,127,110,117,116,132,176,141,167,171,166,138
0,0,0,0,0,0,0,0,0,1,0,0,0,0,0,0,0,0,0,0,0,3,4,5,1,0,3,14,25,9,10,16,35,40,52,59,47,50,51,51,68,89,86,71,106,92,100,90,117,128,111,122,119,133,181,144,166,176,166,140
0,0,0,0,0,0,0,0,0,0,0,0,0,0,0,0,0,0,0,0,0,3,4,4,0,0,2,14,23,9,10,19,34,41,53,59,46,50,51,50,67,91,83,70,106,89,105,88,115,127,111,119,117,131,180,141,166,173,164,141
0,0,0,0,0,0,0,0,0,0,0,0,0,0,0,0,0,0,0,1,0,2,3,4,0,0,1,14,23,9,11,20,37,41,53,60,47,53,53,51,67,90,84,71,108,90,104,90,116,129,114,123,117,133,180,142,165,177,164,142
0,0,0,0,0,0,0,0,0,0,0,0,0,0,0,0,0,0,0,0,0,1,3,2,0,1,2,12,23,7,12,19,37,41,54,60,49,52,51,49,69,91,84,71,108,92,105,88,113,130,115,123,120,133,178,141,166,177,163,142
0,0,0,0,0,0,0,0,0,0,0,0,0,0,0,0,0,0,0,1,0,2,3,1,0,0,1,13,24,7,13,18,36,42,54,60,49,54,54,51,69,91,86,72,111,92,106,91,115,129,115,124,121,136,179,141,167,178,165,143
0,0,0,0,0,0,0,0,0,0,0,0,0,1,0,0,0,0,0,0,0,2,3,0,0,1,1,11,24,6,12,21,36,39,55,60,51,53,55,50,69,92,86,74,110,94,106,90,114,131,115,123,120,135,176,139,168,176,164,145
0,0,0,0,0,0,0,0,0,0,0,0,0,0,0,0,0,0,0,2,0,0,2,0,0,0,0,12,24,7,14,23,35,40,55,62,52,53,57,53,69,90,86,74,112,98,105,91,116,132,117,123,121,138,179,139,168,179,166,148
0,0,0,0,0,0,0,0,0,0,0,0,0,0,0,0,1,0,0,0,0,3,0,0,0,0,2,12,23,5,12,23,34,38,56,63,53,55,55,50,68,91,88,74,109,98,106,91,117,136,118,124,120,136,176,138,169,177,163,149
0,0,0,0,0,0,0,0,0,0,0,0,0,0,0,0,1,0,0,1,0,1,1,0,0,3,2,12,23,7,12,23,33,39,54,62,53,56,56,53,67,90,89,75,109,100,105,94,118,136,121,127,121,139,181,142,169,179,163,151
0,0,0,0,0,0,0,0,0,0,0,0,0,0,0,0,0,0,0,0,0,1,1,3,0,5,5,12,22,4,12,21,33,37,54,61,52,56,57,51,67,90,89,75,106,98,107,91,116,138,124,125,122,137,179,140,170,178,160,150
0,0,0,0,0,0,0,0,0,0,0,0,0,0,0,0,0,0,0,0,0,0,4,3,0,3,3,14,21,5,11,21,35,38,53,60,52,60,58,56,66,90,93,75,106,98,108,94,118,142,130,128,125,138,179,141,173,180,162,154
0,0,0,0,0,0,0,0,0,0,0,0,0,0,0,0,0,0,0,0,1,0,4,2,0,6,2,13,19,3,10,22,35,36,54,63,52,60,56,57,67,93,95,74,104,96,110,94,115,141,128,126,127,136,177,139,174,181,163,152
0,0,0,0,0,0,0,0,0,0,0,0,0,0,0,0,1,1,0,0,2,0,4,3,0,4,2,13,20,4,10,23,35,37,53,64,51,62,57,57,68,94,96,74,107,97,111,99,116,142,129,127,132,139,180,141,175,182,165,154
0,0,0,0,0,0,0,0,0,0,0,0,0,0,0,0,3,1,0,0,4,1,2,2,0,6,2,14,20,3,9,22,37,35,54,64,53,61,56,54,68,93,95,75,105,95,112,99,118,141,129,127,132,138,178,140,174,180,163,153
0,0,0,0,0,0,0,0,0,0,0,0,0,0,0,2,3,0,0,0,3,0,4,3,1,6,3,16,21,4,10,21,38,37,53,64,55,63,57,54,67,91,95,78,105,99,111,101,119,143,130,130,133,144,185,141,174,183,167,155
0,0,0,0,0,0,0,0,0,0,0,0,0,0,0,2,2,0,0,0,1,2,2,2,3,6,4,14,19,1,10,19,38,36,53,65,54,62,54,53,68,91,94,78,107,100,110,98,119,141,128,127,134,144,185,141,176,182,165,154
0,0,0,0,0,0,0,0,1,0,1,0,0,0,0,2,3,0,0,0,1,1,1,2,3,5,4,13,19,2,12,20,36,38,54,64,56,62,54,54,67,90,96,82,108,101,108,99,121,145,130,129,133,148,187,145,178,185,167,155
0,0,0,0,0,0,0,0,0,0,0,0,0,0,0,2,2,0,0,0,0,1,2,2,3,6,3,16,19,3,10,18,36,37,54,67,55,62,52,52,69,89,95,80,108,99,111,96,122,146,128,126,132,147,185,144,177,183,165,156
0,0,0,0,0,0,0,0,0,0,0,0,0,0,0,0,1,1,0,0,0,0,1,2,2,6,2,16,18,5,11,18,37,40,55,68,55,65,55,55,67,90,97,86,111,101,112,96,127,147,130,127,133,149,187,146,179,189,168,156
0,0,0,0,0,0,0,0,0,0,0,0,0,0,0,0,0,1,0,0,0,0,0,0,1,6,3,14,16,5,12,17,36,39,55,68,53,66,52,53,66,92,95,87,110,99,113,96,125,146,128,125,133,146,184,144,177,187,169,155
0,0,0,0,0,0,1,0,0,0,0,0,0,0,0,0,0,1,0,1,0,0,0,0,3,6,1,13,16,6,12,17,35,45,55,68,53,68,52,55,67,92,97,90,114,101,113,99,126,147,130,127,134,149,186,146,178,188,170,157
0,0,0,0,0,0,0,0,0,0,0,0,0,0,0,0,0,1,0,0,0,0,0,0,5,6,1,11,16,5,13,18,35,43,56,68,52,66,53,54,68,92,96,90,113,100,113,96,125,145,131,126,135,147,183,146,176,189,169,160
0,0,0,0,0,0,0,0,0,0,0,0,0,0,0,0,0,0,0,0,0,0,2,0,4,5,1,12,15,6,16,19,34,45,54,69,51,70,56,58,67,90,98,90,114,101,112,99,127,145,132,128,138,148,187,148,180,194,172,162
0,0,0,0,0,0,0,0,0,0,0,0,0,0,0,0,0,1,0,0,0,0,1,0,4,6,2,11,14,5,15,18,36,44,54,68,50,69,54,55,67,90,96,88,112,101,112,98,126,144,130,126,139,146,185,147,180,192,169,162
0,0,0,0,0,0,0,0,1,0,0,0,0,0,0,0,1,0,0,0,0,0,1,0,5,5,0,12,13,6,16,19,35,44,53,69,53,71,55,57,68,90,97,89,113,104,113,101,126,144,133,127,142,147,187,148,182,194,169,167
0,0,0,0,0,0,0,0,1,0,0,0,0,0,0,2,0,0,0,0,0,1,0,0,7,9,0,11,11,3,15,18,35,42,53,73,52,71,53,54,69,91,94,90,111,105,112,103,125,144,132,126,144,146,186,152,182,192,167,166
0,0,0,0,0,0,0,0,0,0,0,0,0,0,1,1,0,0,0,0,0,0,0,0,6,12,0,13,12,5,14,18,35,44,52,74,51,74,55,55,69,90,99,95,112,108,114,104,126,144,133,129,144,151,188,154,183,195,168,169
0,0,0,0,0,0,0,0,0,0,0,0,0,0,1,0,0,1,0,0,0,3,0,0,7,12,0,14,11,3,13,17,38,41,54,74,49,73,52,53,69,89,97,97,109,107,115,104,123,142,134,130,145,149,186,152,182,193,166,168
0,0,0,0,0,0,0,0,0,0,0,0,0,2,0,0,0,2,0,0,0,4,0,0,5,10,0,15,12,5,15,17,38,41,53,72,49,74,53,53,71,91,97,98,110,111,116,104,124,143,136,134,148,151,188,153,184,198,166,170
0,0,0,0,0,0,0,0,0,0,0,0,0,0,0,0,0,1,2,0,0,6,0,0,6,11,0,13,15,8,14,16,37,42,54,71,47,72,50,50,71,91,98,97,109,108,115,103,122,143,137,132,146,151,187,153,185,195,164,169
0,0,0,0,0,0,0,0,0,0,0,0,0,2,0,0,0,0,3,0,0,4,0,0,6,12,0,12,14,11,15,15,38,43,56,69,46,74,52,53,69,89,99,96,109,108,115,103,124,144,137,135,145,154,189,157,186,195,166,171
0,0,0,0,0,0,0,0,0,0,0,0,0,0,0,0,0,0,0,2,0,3,0,0,6,12,0,13,13,10,14,15,38,41,56,69,44,76,53,55,68,89,99,96,108,105,114,102,122,145,135,135,145,154,188,155,187,193,166,169
0,0,0,0,0,0,0,0,0,0,0,0,0,0,0,0,0,0,1,1,0,1,0,0,8,12,0,13,15,11,14,15,36,43,55,68,45,80,55,57,68,90,99,98,109,106,115,104,123,145,137,137,146,158,188,157,188,194,167,170
0,0,0,0,0,0,0,0,0,0,0,0,0,0,0,0,0,0,0,2,0,1,0,0,10,11,2,12,14,11,13,16,39,43,55,67,44,80,54,57,70,92,96,97,108,105,117,105,124,149,134,137,144,156,188,159,186,192,166,171
0,0,0,0,0,0,0,0,0,0,0,0,0,0,0,0,0,0,0,2,0,4,0,1,9,11,3,13,15,11,14,18,37,44,54,65,44,82,55,59,70,92,99,97,111,105,117,109,127,151,137,138,145,157,193,160,188,195,171,174
0,0,0,0,0,0,0,0,0,0,0,0,0,0,0,0,0,0,0,2,0,3,1,1,9,11,2,13,15,8,12,18,36,41,54,67,43,80,54,61,69,92,96,97,109,103,117,106,124,152,135,142,145,155,195,158,187,196,169,174
0,0,0,0,0,0,0,0,0,0,1,0,0,0,0,0,0,0,0,1,0,2,1,0,7,12,3,12,15,9,14,17,36,44,52,67,46,79,55,63,69,91,100,97,112,103,117,107,126,156,139,143,146,158,196,161,190,198,170,177
0,0,0,0,0,0,0,0,0,0,1,0,0,0,0,0,0,0,0,0,0,1,1,0,7,11,2,12,14,6,13,17,38,43,54,70,45,78,53,61,71,92,99,98,111,103,118,104,124,156,140,143,147,161,194,163,190,198,169,176
0,0,0,0,0,0,0,0,0,0,1,0,0,0,1,0,1,0,0,0,0,1,0,0,5,10,1,12,16,6,13,18,37,45,53,70,44,79,55,62,72,92,102,99,114,105,119,105,126,155,143,148,148,163,195,165,190,201,173,177
0,0,0,0,0,0,0,0,0,0,2,0,0,0,0,0,0,0,0,0,0,0,0,0,6,12,0,14,14,4,13,20,37,42,54,70,46,79,56,60,72,93,100,98,111,106,120,108,125,157,144,147,149,161,193,164,192,200,172,177
0,0,0,0,0,0,0,0,0,0,0,0,0,0,0,0,0,0,0,0,0,0,1,0,8,13,1,13,15,8,15,22,38,43,54,71,46,79,58,62,75,93,102,99,113,109,119,110,128,158,146,149,150,164,196,165,193,203,175,178
0,0,0,0,0,0,0,0,0,0,0,0,0,0,0,0,0,0,0,0,0,0,2,0,7,13,2,12,13,8,14,22,38,44,56,72,46,80,55,60,77,95,99,97,112,111,119,108,126,157,146,146,152,163,197,164,195,203,177,179
0,0,0,0,0,0,0,0,0,0,0,0,0,0,0,0,0,0,0,0,0,1,0,0,6,16,2,14,13,9,14,23,39,45,54,74,47,81,58,62,75,94,102,98,113,111,117,111,128,159,148,148,151,167,198,167,197,205,178,179
0,0,0,0,0,0,0,0,1,0,0,0,0,2,0,0,0,0,0,0,0,2,2,0,6,17,2,13,11,8,12,22,39,44,55,74,46,83,56,61,76,93,102,97,112,111,117,109,128,158,146,149,151,167,195,167,197,205,184,178
0,0,0,0,0,0,0,0,0,0,0,0,0,3,0,0,0,1,0,0,0,2,2,0,5,15,0,13,11,9,14,23,37,45,54,74,48,83,58,66,78,95,107,100,114,113,116,112,129,158,148,150,151,168,196,168,197,206,188,180
0,0,0,0,0,0,0,0,0,0,0,0,0,1,0,0,0,0,0,0,0,1,2,0,6,16,0,12,10,8,15,22,38,42,57,75,47,85,59,63,77,94,104,100,113,110,117,113,128,157,149,147,153,166,196,166,197,204,187,179
0,0,0,0,0,0,0,0,0,0,0,0,0,1,2,0,0,0,0,1,0,1,0,0,7,16,4,16,10,10,14,24,37,42,59,75,49,86,60,66,76,96,104,101,113,113,117,115,130,156,151,148,153,167,196,168,199,207,188,181
0,0,0,0,0,0,0,0,0,0,0,0,0,0,0,0,0,0,0,0,3,3,0,0,6,17,6,18,8,8,14,23,36,44,60,78,47,86,58,66,77,95,103,101,111,113,117,115,128,155,149,147,151,166,195,166,202,206,185,181
0,0,0,0,0,0,0,0,0,0,0,0,0,0,0,0,0,0,0,0,3,2,0,0,6,18,7,17,7,9,13,28,34,46,58,77,49,86,59,67,80,94,104,102,111,115,115,116,129,156,152,150,156,169,197,171,202,206,189,183
0,0,0,0,0,0,0,0,0,0,0,0,0,0,0,0,0,0,0,0,2,0,0,0,5,18,8,16,6,9,13,31,34,48,58,77,49,86,56,65,79,96,105,101,108,113,117,115,128,154,152,149,155,170,195,169,200,204,188,181
0,0,0,0,0,0,0,0,0,0,0,0,0,0,1,0,0,0,0,0,1,0,3,0,6,16,8,17,8,11,13,32,33,50,59,75,50,88,58,65,79,95,107,102,110,115,118,119,128,155,153,150,159,175,197,172,200,208,191,183
0,0,0,0,0,0,0,0,0,0,0,0,0,0,0,0,0,1,0,0,0,0,0,0,9,16,7,18,8,8,13,33,34,48,60,75,50,87,56,62,82,96,107,100,109,114,117,119,129,154,153,149,157,172,196,173,198,207,188,182
0,0,0,0,0,0,0,0,1,0,0,0,0,0,0,0,0,0,0,1,0,0,2,0,8,17,5,19,8,9,14,32,33,49,60,74,52,89,57,63,81,97,107,99,109,114,116,122,130,155,155,152,156,173,198,175,197,208,189,184
0,0,0,0,0,0,0,0,0,0,0,0,0,0,0,0,0,0,0,0,0,0,2,0,9,17,9,21,8,8,14,30,33,47,62,75,50,89,56,61,84,99,105,99,109,113,118,120,129,155,152,149,155,170,196,174,197,207,188,182
0,0,0,0,0,0,0,0,0,0,0,0,0,0,0,0,0,0,0,0,0,0,2,0,9,16,9,22,9,10,14,31,34,50,61,74,53,92,58,64,86,101,105,100,113,114,118,121,131,154,156,154,155,170,196,176,200,207,190,188
0,0,0,0,0,0,0,0,0,0,0,0,0,0,0,0,0,0,0,0,0,0,1,1,9,15,10,22,7,7,13,31,33,47,61,74,51,91,59,63,86,102,102,101,110,111,119,120,129,156,154,153,154,169,193,173,202,205,190,188
0,0,0,0,0,0,0,0,0,0,1,0,0,0,0,0,0,1,0,0,0,0,2,0,7,14,11,23,6,8,14,33,31,48,60,72,53,90,59,64,88,102,104,102,113,113,117,122,131,155,156,154,156,170,196,174,202,207,191,188
0,0,0,0,0,0,0,0,0,0,0,0,0,0,0,0,0,3,0,0,0,0,1,0,7,14,13,21,5,7,13,32,33,51,59,72,51,91,59,61,89,101,102,100,111,112,118,121,130,155,154,152,155,167,196,172,200,206,190,187
0,0,0,0,0,0,0,0,0,0,0,0,0,0,0,0,0,1,1,0,1,0,4,0,6,16,12,22,5,13,14,32,34,53,60,71,52,90,61,61,89,104,103,101,113,116,120,122,136,156,155,153,155,170,199,172,199,206,193,192
0,0,0,0,0,0,0,0,0,0,0,0,0,0,0,0,0,0,0,0,0,0,3,0,5,16,12,20,5,12,14,32,36,52,61,72,53,88,58,59,89,103,100,102,110,114,120,121,134,155,153,156,156,170,198,174,199,206,194,191
0,0,0,0,0,0,0,0,0,0,0,0,0,1,0,0,0,0,0,0,0,0,5,0,4,16,11,21,8,13,14,32,36,53,61,74,54,90,63,60,88,103,101,102,112,115,119,121,138,155,155,157,158,171,199,177,201,207,194,192
0,0,0,0,0,0,0,0,0,0,0,0,0,0,0,0,0,0,0,0,0,0,4,0,5,18,11,22,7,13,13,30,36,51,61,74,52,89,61,60,91,104,98,100,110,112,119,120,137,155,153,156,160,175,198,177,199,204,192,192
0,0,0,0,0,0,0,0,0,0,0,0,0,0,0,0,0,2,0,0,0,0,6,0,4,16,10,22,8,13,14,29,34,53,61,72,57,89,64,63,90,105,99,100,111,113,117,124,139,154,154,159,159,178,201,179,201,207,196,193
0,0,0,0,0,0,0,0,0,0,0,0,0,0,0,0,0,1,0,0,0,0,6,1,8,17,10,23,7,11,13,29,33,54,64,73,57,87,62,61,91,105,99,99,109,112,118,123,136,155,152,156,159,177,201,181,201,207,197,193
0,0,0,0,0,0,0,0,0,0,0,0,0,0,0,0,0,0,0,0,0,0,7,0,8,16,10,23,6,12,14,30,32,54,62,71,56,91,62,62,90,105,99,102,112,115,120,126,138,155,152,157,161,179,206,183,202,208,199,195
0,0,0,0,0,0,0,0,0,0,0,0,0,0,0,0,0,0,0,1,0,0,5,0,10,15,9,24,8,11,18,31,33,53,61,71,56,89,63,60,90,106,99,100,110,114,120,123,137,153,151,157,161,176,205,182,202,208,197,193
0,0,0,0,0,0,0,0,0,0,0,1,0,0,0,0,0,0,0,0,0,0,7,1,8,13,8,23,10,15,18,31,34,55,61,69,60,88,65,60,88,105,101,102,112,116,118,124,137,153,154,160,163,177,206,186,208,209,198,196
0,0,0,0,0,0,0,0,0,0,0,0,0,0,0,0,0,0,0,0,0,0,5,4,8,13,8,23,9,13,17,31,33,53,62,69,59,86,64,58,90,106,100,100,110,114,119,121,136,154,154,160,163,178,206,185,207,209,195,195
0,0,0,0,0,0,0,0,0,2,0,0,0,0,0,0,0,1,0,0,0,0,7,5,6,15,7,26,9,14,18,30,31,54,60,68,59,87,65,59,90,106,101,99,113,118,120,121,138,154,154,164,162,180,208,186,209,212,198,198
0,0,0,0,0,0,0,0,0,2,0,0,0,0,0,0,0,0,2,0,0,0,5,6,7,15,6,26,7,11,16,30,31,56,61,69,58,88,62,59,90,106,98,99,110,116,121,119,135,153,152,163,164,180,205,183,207,212,196,196
0,0,0,0,0,0,0,0,0,0,0,0,0,0,0,1,0,0,1,0,0,0,8,5,8,15,5,28,8,11,15,31,29,57,59,68,59,89,64,59,91,108,99,99,112,120,119,119,141,153,153,165,164,181,205,184,207,217,201,197
0,0,0,0,0,0,0,0,0,0,0,0,0,0,0,3,0,1,0,0,0,0,5,5,8,17,5,27,11,8,16,30,31,56,59,69,59,91,66,57,95,110,100,98,113,117,120,117,142,153,151,164,164,182,205,183,208,217,199,196
0,0,0,0,0,0,0,0,0,0,0,0,0,0,1,1,0,0,0,0,0,1,6,4,6,15,5,27,11,8,18,33,30,56,62,70,60,91,68,60,94,111,102,101,118,119,121,118,144,153,156,164,166,188,205,189,210,219,202,197
0,0,0,0,0,0,0,0,0,0,0,0,0,0,1,1,0,0,0,1,0,0,4,5,7,16,4,27,10,5,19,32,31,55,64,71,62,92,65,59,97,112,103,101,118,119,123,117,144,154,154,164,166,186,203,186,208,217,199,196
0,0,0,0,0,0,0,0,0,0,0,0,0,0,0,0,0,0,0,0,0,0,5,3,5,15,5,29,11,5,19,32,31,55,63,70,63,91,66,61,97,114,104,101,119,120,122,120,145,157,155,165,166,188,204,189,207,220,200,198
0,0,0,0,0,0,0,0,0,0,0,0,0,0,0,0,0,0,0,0,1,0,3,3,9,16,7,28,11,2,17,30,30,53,67,70,61,91,64,59,98,114,101,102,119,118,124,118,144,158,155,163,165,189,204,187,207,219,198,196
0,0,0,0,0,0,0,0,0,0,0,0,0,0,0,0,0,0,0,0,0,1,4,2,9,15,6,29,11,4,18,30,31,54,67,69,60,91,65,61,98,113,102,102,119,120,123,119,144,157,158,167,167,189,205,190,208,221,200,199
0,0,0,0,0,0,0,0,0,0,0,0,0,0,0,0,0,0,0,0,0,2,1,1,9,17,7,28,12,5,16,28,31,51,68,70,61,89,63,60,99,112,100,102,116,119,126,117,145,158,156,165,168,187,202,189,210,218,201,196
0,0,0,0,0,0,0,0,0,0,0,0,0,0,2,0,0,0,3,0,0,1,1,0,8,17,8,27,16,6,16,27,31,51,68,70,62,88,65,64,99,111,101,103,117,119,124,120,149,159,161,165,168,191,204,192,214,221,202,201
0,0,0,0,0,0,0,0,0,0,0,0,0,0,0,0,0,0,3,0,0,2,0,3,10,16,9,27,14,4,15,26,32,48,69,69,60,88,66,63,103,112,99,105,117,120,126,117,148,158,160,167,168,189,204,191,213,220,203,201
0,0,0,0,0,0,0,0,0,0,0,0,0,0,1,0,0,0,4,0,0,1,0,2,10,15,7,29,16,6,14,27,31,53,68,68,60,91,67,64,103,111,100,106,122,123,127,119,149,158,162,168,167,191,204,194,213,223,206,203
0,0,0,0,0,0,0,0,0,0,0,0,0,0,0,0,0,0,3,0,0,1,0,1,10,16,6,28,15,3,14,29,31,52,68,70,60,90,67,65,102,111,98,106,119,121,129,117,148,159,163,166,168,191,202,192,213,222,205,203
0,0,0,0,0,0,0,0,0,0,0,0,0,1,1,0,0,0,1,2,0,0,4,0,8,15,6,27,14,6,14,29,33,55,66,70,60,91,70,66,101,111,98,108,121,123,128,121,150,161,163,169,168,196,204,195,215,223,210,206
0,0,0,0,0,0,0,0,0,0,0,0,0,0,0,0,0,0,0,2,0,0,5,1,10,14,6,27,12,4,13,28,32,53,66,70,58,90,68,65,103,112,95,106,118,122,130,121,151,161,162,172,168,196,202,193,217,222,210,205
0,0,0,0,0,0,0,0,0,0,0,0,0,0,0,0,0,0,0,1,0,0,7,0,11,12,6,26,12,7,17,27,31,53,66,69,58,90,69,68,102,112,98,105,122,123,129,123,154,162,166,176,169,199,208,195,219,226,211,209
0,0,0,0,0,0,0,0,0,0,0,0,0,0,0,0,0,0,0,0,0,0,7,0,11,12,5,24,11,5,15,28,31,52,65,69,56,89,70,68,101,113,97,105,120,123,128,120,154,161,167,173,168,197,211,192,217,224,214,207
0,0,0,0,0,0,0,0,0,0,0,0,0,0,0,0,0,0,0,1,0,1,5,0,10,11,3,27,10,7,17,29,31,53,65,68,57,90,74,70,102,115,99,104,121,125,127,120,156,160,168,175,167,199,213,195,223,225,218,210
0,0,0,0,0,0,0,0,0,0,0,0,0,0,0,0,0,0,0,0,0,0,5,0,9,12,4,27,10,5,17,29,31,51,66,68,59,91,72,68,103,116,96,104,119,124,128,117,154,161,166,173,165,196,211,193,225,225,216,211
0,0,0,0,0,0,0,0,0,0,0,3,0,0,0,0,0,1,1,3,0,0,4,1,10,11,4,27,12,7,17,34,31,52,64,69,58,90,73,69,102,117,97,105,119,124,127,117,155,161,168,174,164,199,211,197,226,227,220,215
0,0,0,0,0,0,0,0,0,0,0,0,0,0,0,0,0,0,0,1,0,3,4,3,11,12,4,27,12,8,16,33,32,51,65,70,57,92,73,68,101,117,95,104,119,123,126,115,154,159,168,174,163,198,211,195,228,225,219,217
0,0,0,0,0,0,0,0,0,0,0,1,0,0,0,0,0,0,0,1,0,3,2,2,12,10,2,26,12,8,17,33,31,51,64,70,57,93,74,69,101,118,95,105,120,125,125,118,154,160,170,174,163,200,213,195,230,225,219,220
0,0,0,0,0,0,0,0,0,0,0,0,0,0,0,0,0,0,0,0,0,3,1,2,14,10,1,24,13,7,16,33,30,50,65,70,58,91,73,69,101,118,97,105,119,123,126,117,152,160,169,174,161,198,211,194,230,223,217,218
0,0,0,0,0,0,0,0,0,0,0,0,0,0,0,0,0,0,0,0,0,2,0,2,17,10,0,25,14,8,15,34,32,56,64,69,58,90,74,70,101,117,98,106,122,124,125,117,157,159,172,177,161,201,212,194,232,226,219,221
0,0,0,0,0,0,0,0,0,0,0,0,0,1,0,0,0,0,0,0,0,2,0,3,18,10,0,25,12,5,15,32,34,53,63,68,58,89,73,69,100,120,97,105,119,125,125,116,156,160,171,176,160,200,210,193,232,224,217,221
0,0,0,0,0,0,0,0,0,0,0,0,0,0,0,0,0,0,0,0,0,1,0,2,17,11,0,26,11,7,14,31,35,54,63,66,58,89,75,71,98,120,97,105,122,127,125,117,158,163,173,177,163,201,212,194,234,225,218,222
0,0,0,0,0,0,0,0,0,0,0,0,0,0,0,0,0,0,0,0,0,2,1,2,16,10,0,29,11,7,14,29,37,51,63,67,59,89,74,68,100,120,97,106,121,126,127,114,157,163,175,175,163,201,210,195,234,222,216,219
0,0,0,0,0,0,0,0,0,0,0,0,0,0,0,0,0,1,0,0,0,0,4,2,17,11,1,28,15,8,18,29,36,51,63,65,61,91,76,69,100,122,97,108,126,130,127,116,159,163,176,179,167,203,213,197,234,225,217,221
0,0,0,0,0,0,0,0,0,0,0,0,0,0,0,0,0,0,0,1,0,2,2,3,17,10,1,29,15,5,16,28,36,49,63,64,62,90,73,67,100,122,96,106,126,127,127,115,159,162,174,177,168,200,210,195,235,224,215,219
0,0,0,0,0,0,0,0,0,0,0,0,0,0,0,0,0,0,0,0,0,1,2,2,18,11,1,30,14,6,19,29,35,49,62,62,62,90,73,69,100,122,99,107,128,128,127,115,161,165,179,177,172,204,211,198,236,227,216,223
0,0,0,0,0,0,0,0,0,0,0,0,0,0,0,0,0,0,0,0,0,1,0,1,20,12,3,28,12,5,18,29,36,52,61,63,61,90,73,67,99,124,97,106,128,128,126,114,159,163,176,179,172,201,212,199,236,226,215,221
0,0,0,0,0,0,0,0,0,0,0,0,0,0,0,0,0,0,1,0,0,1,1,0,18,12,5,27,16,6,18,29,35,52,62,62,62,89,74,69,99,123,98,108,129,129,126,116,162,162,177,180,175,204,214,202,235,226,217,226
0,0,0,0,0,0,0,0,0,0,0,0,0,0,0,0,0,0,0,0,0,3,0,2,18,14,4,26,15,5,18,32,37,49,62,63,63,87,73,68,100,123,96,109,126,130,129,115,163,161,176,177,176,205,213,200,236,227,216,228
0,0,0,0,0,0,0,0,0,0,0,0,0,0,0,0,1,0,0,1,0,1,0,2,16,14,3,25,16,6,17,32,36,49,61,62,62,89,75,71,100,124,96,109,127,134,130,115,168,161,177,179,175,208,215,202,235,231,218,233
0,0,0,0,0,0,0,0,0,0,0,1,0,0,0,0,0,0,1,0,0,1,0,1,17,14,2,24,16,3,16,31,37,48,61,61,61,89,74,71,101,124,93,110,127,132,130,113,168,160,176,176,176,207,214,200,234,231,216,230
0,0,0,0,0,0,0,0,0,0,0,1,0,0,0,0,1,0,1,0,0,0,2,2,17,12,2,24,17,3,17,30,37,50,60,62,62,89,78,75,100,125,97,110,128,135,130,117,172,160,177,179,176,207,215,205,235,235,218,235
0,0,0,0,0,0,0,0,0,0,0,0,0,0,0,0,0,0,1,0,1,2,0,3,16,11,1,24,16,2,16,32,37,49,61,62,61,89,76,73,102,126,98,110,125,132,132,116,170,162,175,180,177,206,213,202,234,233,219,235
0,0,0,0,0,0,0,0,0,0,0,0,0,0,0,0,1,0,2,0,1,1,0,1,15,9,2,23,18,4,17,32,38,50,59,61,62,90,76,75,100,125,99,110,125,132,131,119,171,162,177,184,177,207,214,202,233,233,222,237
0,0,0,0,0,0,0,0,0,0,0,0,0,0,0,0,1,0,5,0,0,1,0,0,16,11,1,22,18,2,15,32,40,48,60,61,61,92,75,73,100,125,97,109,124,130,132,118,172,162,174,183,177,205,215,200,232,232,224,238
0,0,0,0,0,0,0,0,0,0,0,0,0,0,0,0,0,0,4,0,0,1,0,0,16,10,1,22,20,2,17,32,41,50,60,62,61,92,77,76,99,125,99,111,128,132,132,120,174,163,174,185,179,206,218,201,232,232,227,243
0,0,0,0,0,0,0,0,0,0,0,0,0,0,0,0,0,0,3,0,0,1,0,1,15,11,1,21,20,2,15,31,40,49,60,63,63,92,76,75,100,127,97,110,126,131,133,120,173,161,176,183,179,207,217,199,232,231,227,242
0,0,0,0,0,0,0,0,0,0,0,0,0,0,0,0,0,0,2,0,0,0,0,0,13,11,0,22,23,5,17,31,38,51,59,61,65,91,78,76,98,126,99,110,127,131,134,122,174,160,179,183,181,209,221,199,233,232,230,243
0,0,0,0,0,0,0,0,0,0,0,0,0,0,1,0,0,0,3,0,0,3,1,1,14,11,1,20,21,5,19,32,40,48,61,61,64,91,77,75,98,125,97,109,127,132,134,119,173,162,179,180,181,208,219,199,234,232,228,240
0,0,0,0,0,0,0,0,0,0,0,0,0,0,0,0,0,0,4,1,1,1,1,1,15,11,0,21,23,6,19,31,39,49,63,60,63,91,82,79,96,124,98,110,129,133,138,120,175,163,183,182,182,211,223,200,235,232,229,242
0,0,0,0,0,0,0,0,0,0,0,0,0,0,0,0,0,0,6,0,3,4,1,1,16,14,0,19,23,4,19,31,42,47,65,59,62,91,81,76,97,126,100,109,127,132,138,118,172,165,180,182,183,211,221,198,233,231,228,239
0,0,0,0,0,0,0,0,0,0,0,0,0,0,2,1,0,2,6,1,3,4,0,2,15,14,0,22,22,6,18,30,41,49,67,58,63,93,82,77,96,128,101,110,128,133,137,120,173,166,180,182,183,214,225,201,234,232,229,240
0,0,0,0,0,0,0,0,0,0,0,0,0,0,2,2,0,0,4,1,4,6,1,1,17,16,3,21,24,4,18,28,40,46,67,58,61,92,80,74,96,127,99,110,127,132,139,120,173,168,178,179,181,212,222,200,234,230,231,241
0,0,0,0,0,0,0,0,0,2,0,0,0,0,1,0,0,0,3,0,1,5,0,2,17,15,2,22,24,7,18,31,39,50,66,58,60,91,81,76,96,126,100,111,127,136,138,124,175,170,178,182,182,214,223,201,235,233,231,241
0,0,0,0,0,0,0,0,0,2,0,0,0,0,1,0,0,0,3,0,1,5,0,2,19,16,4,21,24,5,16,30,39,51,68,58,60,91,79,77,97,125,98,110,125,133,138,122,174,170,179,180,180,211,221,201,236,232,232,243
0,0,0,0,0,0,0,0,0,0,0,0,0,0,0,0,0,0,3,1,1,4,0,4,18,15,4,20,25,6,18,31,38,52,67,59,62,90,81,78,96,123,100,111,125,135,138,124,174,171,181,182,180,213,223,203,236,234,240,244
0,0,0,0,0,0,0,0,0,0,0,0,0,0,0,0,1,0,2,1,1,4,0,2,18,17,4,20,24,4,17,29,40,50,66,59,62,88,79,78,95,122,98,110,123,134,138,121,173,169,179,182,178,212,220,202,237,233,239,243
0,0,0,0,0,0,0,0,0,0,0,0,0,0,0,0,0,0,2,0,0,2,1,4,17,18,3,19,26,8,18,30,38,51,64,58,61,88,80,79,94,121,98,111,123,134,139,123,174,171,181,184,179,213,221,204,237,234,240,245
0,0,0,0,0,0,0,0,0,0,0,0,0,0,0,0,1,0,0,0,2,3,1,3,18,18,2,17,26,7,19,29,37,49,64,59,60,87,77,80,93,121,95,110,123,132,138,122,172,170,178,184,180,211,219,201,239,233,237,242
0,0,0,0,0,0,0,0,0,0,1,0,0,0,0,0,0,1,0,0,0,2,0,4,16,17,1,17,26,9,21,32,36,51,62,60,62,87,80,81,96,120,96,113,124,133,140,123,172,171,179,184,180,212,221,203,241,234,240,243
0,0,0,0,0,0,0,0,0,0,0,0,0,0,0,0,2,0,0,0,1,4,0,5,16,19,0,16,25,7,22,30,35,48,63,59,63,85,78,78,101,121,95,111,122,131,142,122,169,170,180,186,180,211,222,202,240,233,239,244
0,0,0,0,0,0,0,0,0,0,0,0,0,0,1,0,1,1,0,0,0,3,0,5,14,19,0,16,25,9,21,29,38,52,62,59,63,85,79,78,102,121,96,113,124,132,141,125,172,173,182,190,180,213,226,202,248,234,240,246
0,0,0,0,0,0,0,0,0,0,0,0,0,0,3,0,3,0,0,0,0,3,0,3,14,18,0,16,24,8,21,29,38,50,63,62,62,83,80,76,104,121,97,113,121,131,141,126,170,173,183,187,180,212,223,201,247,233,241,247
0,0,0,0,0,0,0,0,0,0,0,0,1,0,4,0,1,0,0,4,0,1,0,2,13,19,0,15,25,10,20,30,40,51,64,60,63,86,81,76,104,120,99,112,125,132,141,127,173,173,185,189,180,214,225,204,247,233,244,250
0,0,0,0,0,0,0,0,0,0,0,0,0,0,2,0,2,0,0,4,0,2,0,0,12,19,0,15,25,8,20,30,43,49,67,60,64,88,83,74,105,122,97,115,122,130,142,129,174,171,182,189,178,212,225,204,248,234,244,250
0,0,0,0,0,0,0,0,0,0,0,0,0,0,1,0,0,0,0,2,0,0,0,0,10,19,1,16,25,9,22,29,42,52,71,60,63,88,84,74,105,122,101,116,126,133,142,129,175,173,184,193,178,213,227,204,248,235,245,252
0,0,0,0,0,0,0,0,0,0,0,0,0,0,0,0,0,0,0,4,0,2,0,0,11,20,0,17,24,11,24,29,43,53,70,61,62,87,85,72,106,126,99,115,123,131,143,127,173,173,182,194,179,214,226,202,249,236,246,254
0,0,0,0,0,0,0,0,0,0,0,0,0,0,0,0,0,0,0,3,0,2,0,0,11,24,0,19,25,13,24,29,43,55,70,63,62,87,86,75,105,124,100,116,123,131,143,128,180,172,184,195,181,215,230,204,250,237,247,254
0,0,0,0,0,0,0,0,0,0,0,0,0,0,0,0,0,0,1,3,0,2,1,3,10,24,0,20,25,10,22,30,42,52,71,66,61,87,86,74,107,126,99,115,121,133,145,128,180,171,183,195,182,216,228,202,250,235,244,255
0,0,0,0,0,0,0,0,0,0,0,0,0,0,0,0,0,0,2,4,0,3,1,4,11,24,0,19,26,10,21,31,43,53,71,65,62,88,88,75,105,125,101,115,121,136,143,131,181,171,185,195,185,221,229,203,253,237,246,255
0,0,0,0,0,0,0,0,0,0,0,0,0,0,0,0,0,0,0,4,1,3,1,6,10,24,0,18,24,8,19,32,43,53,70,64,61,88,86,76,105,127,98,115,120,133,145,128,178,171,184,197,186,218,230,200,251,239,244,254
0,0,0,0,0,0,0,0,0,0,0,0,0,0,0,0,0,3,0,3,1,2,1,5,8,22,1,20,25,11,21,33,42,54,71,65,61,88,86,77,103,126,101,119,121,134,145,130,179,174,184,200,186,220,232,201,254,241,244,257
0,0,0,0,0,0,0,0,0,0,0,0,0,0,0,0,0,2,0,2,0,2,0,5,10,21,1,21,26,10,22,32,45,51,71,67,61,92,84,74,106,128,98,119,119,134,144,129,177,174,181,202,185,219,231,199,252,239,243,258
0,0,0,0,0,0,0,0,0,0,0,0,0,0,0,0,0,2,0,0,0,0,3,4,10,20,0,20,26,12,24,32,43,52,71,69,61,91,85,74,105,129,100,123,122,135,145,130,177,174,182,205,188,220,232,201,252,240,245,263
0,0,0,0,0,0,0,0,0,0,0,0,1,0,0,0,0,4,0,0,0,0,3,5,10,20,0,20,28,12,23,34,43,51,70,69,59,92,84,71,107,131,102,125,120,134,145,129,175,174,181,204,188,223,230,201,252,239,243,264
0,0,0,0,0,0,0,0,0,0,0,0,0,0,0,0,0,2,0,0,0,0,2,5,9,20,0,20,31,13,25,34,42,53,69,68,60,91,85,73,108,129,103,128,121,139,144,132,178,173,183,206,189,226,232,202,254,243,245,266
0,0,0,0,0,0,0,0,0,0,0,0,0,0,0,0,0,1,0,0,0,0,0,5,9,21,4,19,30,12,24,33,42,52,69,70,58,91,84,73,111,128,101,127,118,140,143,130,176,173,185,203,188,225,231,201,255,243,243,266
0,0,0,0,0,0,0,0,0,0,0,0,0,0,0,0,0,0,1,0,0,0,0,3,7,20,4,19,31,12,24,33,42,53,72,70,59,90,86,74,112,127,103,127,120,142,145,131,178,173,187,205,187,228,233,204,255,247,243,266
0,0,0,0,0,0,0,0,0,0,0,0,0,0,0,0,1,0,2,0,0,0,0,5,6,21,6,19,30,12,26,35,43,50,73,70,59,89,88,73,115,129,104,127,118,139,146,128,176,171,186,204,186,228,233,203,256,246,241,264
0,0,0,0,0,0,0,0,0,0,0,0,0,0,2,0,0,0,1,0,0,0,0,3,6,20,5,18,29,14,28,36,44,52,73,70,59,90,90,76,114,129,108,128,118,144,146,128,179,171,187,205,188,229,235,204,255,248,244,267
0,0,0,0,0,0,0,0,0,0,0,0,0,0,0,0,1,0,2,0,0,0,0,3,9,21,5,18,28,14,28,34,44,51,76,71,58,89,91,74,114,128,108,131,118,141,147,129,176,169,185,203,186,226,234,202,256,245,242,268
0,0,0,0,0,0,0,0,0,0,0,0,0,0,0,0,0,0,1,0,0,0,0,1,8,20,4,17,30,15,28,33,43,53,78,72,58,88,92,77,112,127,112,131,121,144,149,132,180,169,186,206,186,228,235,205,257,246,246,270
0,0,0,0,0,0,0,0,0,0,0,0,0,0,0,0,0,0,1,1,0,0,0,2,8,20,5,17,32,13,27,33,44,51,78,74,57,89,90,74,114,126,111,134,121,144,150,130,180,170,183,205,190,229,234,204,255,243,243,269
0,0,0,0,0,0,0,0,0,0,0,0,0,0,2,0,0,0,0,0,0,1,0,0,8,19,4,17,31,19,29,32,42,51,77,74,56,88,92,74,114,126,113,138,122,145,149,134,182,170,184,205,193,231,236,206,255,246,245,269
0,0,0,0,0,0,0,0,0,0,0,0,0,0,3,0,0,0,0,0,0,0,1,1,9,20,4,16,30,16,29,31,41,52,79,73,56,87,90,73,115,131,111,139,119,146,150,133,182,172,181,203,192,229,235,204,253,245,244,270
0,0,0,0,0,0,0,0,0,0,0,0,0,0,2,0,0,0,0,0,0,0,1,0,8,19,3,16,29,18,28,33,40,54,79,73,58,87,90,75,113,130,115,141,122,146,149,137,184,173,181,205,193,230,237,205,254,250,246,275
0,0,0,0,0,0,0,0,0,0,0,0,0,0,1,0,0,0,0,0,0,0,0,0,9,19,4,15,28,16,28,31,40,51,79,75,60,86,88,75,117,130,112,140,124,145,149,139,182,172,179,202,191,228,236,205,258,248,244,274
0,0,0,0,0,0,0,0,0,0,0,0,0,0,0,0,2,0,0,0,0,0,0,0,9,18,4,16,30,17,27,31,40,53,81,74,62,87,89,76,118,130,113,140,124,145,150,140,183,172,179,207,191,229,238,208,258,251,245,277
0,0,0,0,0,0,0,0,0,0,0,0,0,0,0,0,1,0,0,0,0,0,0,0,9,19,5,16,29,14,26,29,41,51,82,75,62,85,92,76,119,130,111,138,122,144,151,140,182,172,178,206,195,227,235,209,256,251,245,275
0,0,0,0,0,0,0,0,0,0,0,0,0,0,0,0,0,0,1,0,0,0,1,0,7,17,3,18,31,16,26,30,42,51,81,74,64,85,94,79,118,129,112,138,122,148,151,143,182,172,178,207,194,228,236,211,255,252,245,277
0,0,0,0,0,0,0,0,1,0,0,0,0,0,0,0,0,0,0,0,0,1,1,0,8,16,4,16,30,13,24,30,42,50,81,74,63,85,93,80,118,129,109,137,121,147,150,141,180,170,177,206,193,225,234,213,253,253,244,275
0,0,0,0,0,0,0,0,0,0,0,0,0,0,0,0,0,0,0,1,0,2,0,1,6,16,4,15,29,15,24,31,40,51,79,75,65,87,95,81,117,128,110,139,121,149,149,141,182,171,178,207,195,229,235,216,253,254,245,278
0,0,0,0,0,0,0,1,0,0,0,0,0,0,0,1,0,0,0,0,0,2,0,2,6,15,5,15,27,13,24,34,40,49,78,75,63,86,93,79,116,129,107,140,120,148,150,138,183,172,176,208,193,226,233,218,252,253,248,277
0,0,0,0,0,0,1,0,0,0,0,0,0,0,0,0,0,0,0,0,1,1,0,1,7,14,3,14,28,14,24,36,38,50,77,77,63,88,95,81,114,128,107,141,121,151,149,142,184,173,178,210,194,229,233,220,251,255,250,277
0,0,0,0,0,0,0,0,0,0,0,0,0,0,0,0,0,1,0,0,0,1,0,2,6,15,3,12,27,12,22,37,39,48,77,76,63,88,92,78,114,130,105,144,118,150,150,140,183,176,178,209,194,228,231,220,249,252,251,276
0,0,0,0,0,0,0,0,0,0,0,0,0,0,0,1,1,0,0,0,0,0,0,0,4,13,2,13,28,13,23,39,37,49,78,77,62,88,92,78,112,131,105,143,122,150,151,142,184,179,181,210,197,230,231,226,251,257,252,278
0,0,0,0,0,0,0,0,0,0,0,0,0,0,0,0,0,0,0,0,0,0,0,0,3,16,4,14,30,10,26,38,38,49,77,76,61,89,93,77,113,131,102,143,121,149,152,141,181,179,181,209,196,228,229,224,251,255,250,276
0,0,0,0,0,0,0,0,0,0,0,0,0,0,0,0,0,2,1,0,0,0,0,0,4,17,2,14,30,12,28,38,39,50,76,75,61,89,93,79,112,131,103,143,122,151,152,142,183,180,181,211,198,230,232,227,252,259,251,278
0,0,0,0,0,0,0,0,0,0,0,0,0,0,0,1,0,2,0,0,0,0,0,0,3,18,1,14,29,11,26,38,40,50,77,77,59,87,91,80,113,130,100,147,121,150,153,142,183,184,180,209,198,228,230,224,252,257,249,276
0,0,0,0,0,0,0,0,0,0,0,0,0,0,0,0,0,6,1,0,0,2,0,0,4,18,0,14,30,12,27,41,40,51,76,78,59,88,92,80,112,133,103,150,123,152,154,144,184,185,185,211,198,231,230,227,254,257,249,277
0,0,0,0,0,0,0,0,0,0,0,1,0,0,0,0,0,4,0,0,0,1,0,0,4,18,2,14,31,15,25,40,39,52,75,78,58,86,92,79,114,135,100,152,122,150,154,142,181,184,184,210,199,228,227,224,253,254,247,276
0,0,0,0,0,0,0,0,0,0,0,0,0,0,0,0,0,5,0,0,0,1,1,0,5,17,1,15,32,18,25,40,38,54,78,80,58,86,94,80,113,135,102,151,123,154,154,144,183,187,185,210,199,230,229,225,253,256,247,276
0,0,0,0,0,0,0,0,0,0,0,0,0,0,0,0,0,4,0,0,0,2,3,0,4,18,2,13,31,18,23,40,38,51,78,80,57,85,93,78,113,135,100,151,121,152,156,142,183,190,184,211,198,228,229,225,254,254,244,273
0,0,0,0,0,0,0,0,0,0,0,0,0,0,0,0,0,4,0,0,0,2,3,0,4,17,1,12,32,18,26,40,39,52,77,79,56,86,94,79,113,137,102,151,121,153,156,145,183,190,186,212,197,232,231,226,255,255,244,273
0,0,0,0,0,0,0,0,0,0,0,0,0,0,0,0,1,3,0,0,0,0,4,3,4,18,1,11,33,19,25,39,39,50,78,82,56,85,92,77,113,138,100,151,121,154,156,144,182,189,183,210,197,231,229,224,255,253,246,270
0,0,0,0,0,0,0,0,0,0,0,0,0,0,0,0,0,4,2,0,0,0,6,3,3,16,0,11,36,23,25,39,37,52,78,82,56,86,94,78,113,140,102,154,121,157,157,146,183,190,187,211,201,235,233,228,254,254,251,271
0,0,0,0,0,0,0,0,0,0,0,0,0,0,0,0,1,3,0,1,0,0,7,2,5,16,1,9,37,23,24,38,37,52,77,83,55,87,95,77,112,139,100,156,120,156,156,143,180,188,184,208,202,234,230,227,254,255,249,270
0,0,0,0,0,0,0,0,0,0,0,0,0,0,2,0,0,2,1,1,0,0,7,5,3,14,1,10,41,24,26,41,36,55,75,83,54,88,95,78,111,139,100,155,123,159,155,146,185,188,188,209,202,237,232,230,256,257,249,275
0,0,0,0,0,0,0,0,0,0,0,0,0,0,0,0,0,3,0,4,0,0,8,4,3,14,2,8,44,23,24,41,37,52,76,85,53,89,94,79,113,140,98,156,125,158,158,144,182,187,186,209,202,237,231,227,258,258,247,275
0,0,0,0,0,0,0,0,0,0,0,0,0,0,0,0,0,5,0,3,0,0,9,3,2,12,0,10,44,25,26,42,36,53,77,84,54,91,94,81,114,140,98,158,129,160,159,146,184,187,188,212,204,238,234,228,258,260,249,278
0,0,0,0,0,0,0,0,0,0,0,0,0,1,0,0,0,4,0,3,0,2,8,6,3,13,0,9,43,25,25,41,36,52,77,85,55,91,95,80,115,139,102,157,128,157,160,146,182,185,187,210,202,236,232,228,258,259,249,278
0,0,0,0,0,0,0,0,0,0,0,0,0,0,0,0,1,7,0,2,0,1,7,8,2,14,0,8,43,29,26,41,34,52,76,85,55,91,99,81,115,139,105,157,131,158,161,148,182,187,187,212,201,236,234,230,257,260,249,279
0,0,0,0,0,0,0,0,0,1,0,0,0,0,0,0,2,6,0,2,1,1,7,7,2,14,1,10,43,28,24,41,33,51,76,86,55,90,98,78,116,140,104,155,132,155,160,145,182,185,184,209,201,236,234,228,256,259,248,278
0,0,0,0,0,0,0,0,0,0,0,0,0,0,0,0,2,5,0,3,1,0,5,6,2,14,0,11,43,30,25,44,31,52,77,87,56,89,102,80,117,139,104,158,132,155,158,146,184,184,186,212,202,238,235,229,257,261,250,279
0,0,0,0,0,0,0,0,0,0,0,0,0,0,0,0,1,4,0,3,0,0,6,7,3,14,1,10,41,27,23,43,33,52,79,86,54,91,99,78,117,138,101,156,130,152,157,147,182,182,184,211,204,237,234,228,257,259,249,278
0,0,0,0,0,0,0,0,0,0,0,0,0,0,0,0,1,4,0,2,0,1,4,8,1,12,2,9,43,29,25,44,33,52,78,85,55,91,104,80,117,136,101,155,132,154,156,150,182,182,188,213,203,239,236,231,257,261,253,280
0,0,0,0,0,0,0,0,0,0,0,0,0,0,0,0,0,4,0,3,0,0,4,6,2,11,4,10,41,27,25,42,34,51,78,85,56,90,102,79,117,136,100,157,131,155,156,151,180,182,186,212,203,238,235,232,257,261,254,277
0,0,0,0,0,0,0,0,0,0,0,0,0,0,0,0,0,4,0,1,0,0,3,7,3,9,3,11,41,27,26,41,33,53,78,84,58,93,103,80,115,134,102,156,132,156,154,152,184,185,187,214,207,240,235,235,256,262,256,281
0,0,0,0,0,0,0,0,0,0,0,0,0,0,0,0,0,2,0,2,0,0,4,5,6,11,8,9,41,26,26,41,32,52,77,83,59,92,102,78,117,133,100,154,131,155,155,153,181,184,184,211,206,238,236,234,254,259,261,281
0,0,0,0,0,0,0,0,0,0,0,0,0,0,0,0,1,2,1,0,0,0,5,6,5,9,7,10,40,27,27,42,33,55,75,82,63,92,105,79,117,132,101,155,134,155,155,156,181,185,185,212,207,240,238,234,254,262,262,283
0,0,0,0,0,0,0,0,0,0,0,0,0,0,0,0,1,0,3,0,0,0,5,5,7,8,7,9,38,25,27,41,33,54,78,82,62,90,102,77,118,132,100,156,133,152,156,155,180,183,184,211,207,237,238,233,254,259,259,280
0,0,0,0,0,0,0,0,0,0,0,0,0,0,0,0,0,0,2,0,0,0,6,5,5,6,6,9,38,27,28,41,32,57,78,84,62,93,104,79,118,130,101,157,135,152,158,155,181,184,188,211,208,240,239,235,254,261,260,281
0,0,0,0,0,0,0,0,0,0,0,0,0,0,0,0,0,0,3,0,0,1,5,3,4,6,8,9,36,25,28,40,31,55,77,84,61,94,102,80,117,130,101,157,132,149,158,152,181,185,187,210,206,242,241,234,253,258,262,278
0,0,0,0,0,0,0,0,0,0,0,0,0,0,0,0,0,0,1,1,0,1,8,2,3,5,6,11,38,27,28,39,29,58,76,83,62,99,105,80,115,131,106,159,132,151,158,153,181,185,189,213,206,244,244,238,254,262,263,278
0,0,0,0,0,0,0,0,0,0,0,0,0,0,0,1,0,0,1,2,0,1,7,0,4,5,6,9,38,25,29,39,28,59,78,84,60,98,104,77,117,131,104,159,138,148,159,152,179,187,188,210,205,243,243,236,254,262,261,278
0,0,0,0,0,0,0,0,0,0,0,0,0,1,0,1,0,0,0,2,0,1,5,1,4,3,4,8,38,29,30,41,28,59,77,84,60,99,105,79,115,130,105,161,140,150,159,153,181,189,190,213,205,246,246,237,253,264,263,279
0,0,0,0,0,0,0,0,0,0,0,0,0,0,0,1,0,0,0,4,0,1,5,0,8,3,5,7,38,28,29,41,29,58,79,85,62,98,103,77,116,131,103,160,141,147,158,152,181,187,189,211,203,245,246,238,252,263,262,278
0,0,0,0,0,0,0,0,0,0,0,0,0,0,0,0,0,0,0,6,0,1,3,0,7,2,5,6,38,28,30,42,30,60,78,84,63,99,104,77,115,130,104,159,145,148,157,153,183,188,190,211,204,250,247,240,251,263,262,278
0,0,0,0,0,0,0,0,0,0,0,0,0,0,0,2,0,0,0,7,0,0,4,1,6,2,5,4,36,26,31,43,33,58,81,84,61,102,101,75,118,131,102,157,143,146,160,152,180,187,189,211,203,247,245,238,250,261,261,278
0,0,0,0,0,0,0,0,0,0,0,0,0,0,0,0,0,0,0,5,0,0,5,0,5,2,3,4,37,27,31,44,33,59,80,84,60,102,103,75,116,131,106,158,143,148,161,155,180,189,191,212,202,249,246,240,250,262,265,280
0,0,0,0,0,0,0,0,0,0,0,0,0,0,0,0,0,0,0,6,0,0,4,0,5,2,5,4,35,25,31,45,34,56,80,85,59,101,102,74,115,131,107,156,140,147,163,155,178,188,189,209,201,248,245,237,251,260,262,280
0,0,0,0,0,0,0,0,0,0,0,0,0,0,0,0,0,0,0,4,0,0,3,0,5,4,3,6,35,26,31,45,32,57,78,85,58,102,103,76,114,129,110,155,143,147,164,157,179,187,191,211,200,249,248,241,252,264,266,283
0,0,0,0,0,0,0,0,0,0,0,0,0,0,0,0,0,0,2,5,1,0,3,0,5,4,4,6,34,25,30,45,32,57,79,86,57,101,100,75,115,130,109,156,141,145,163,154,179,187,189,209,200,247,248,238,251,263,266,282
0,0,0,0,0,0,0,0,0,0,0,0,0,0,0,0,0,0,0,3,4,0,2,0,4,4,2,6,33,26,30,46,30,63,78,86,60,102,101,77,116,131,111,157,143,147,161,156,180,188,189,210,200,247,249,240,250,266,270,285
0,0,0,0,0,0,0,0,0,0,0,0,0,0,0,0,1,0,2,3,4,0,1,0,5,5,3,6,33,25,28,45,30,61,78,85,60,101,101,74,116,133,113,156,142,145,162,154,179,190,187,210,199,246,250,241,250,266,268,286
0,0,0,0,0,0,0,0,0,0,0,0,0,0,0,0,0,0,0,0,3,0,0,1,3,7,1,6,33,26,28,45,29,62,77,83,62,104,102,75,116,131,115,160,147,145,164,155,184,189,188,213,202,249,253,244,253,269,270,290
0,0,0,0,0,0,0,0,0,0,0,0,0,0,0,0,0,0,1,0,1,0,1,0,4,10,1,4,36,27,26,43,32,59,77,85,62,103,99,75,115,132,114,160,147,144,164,153,182,187,186,210,200,249,250,245,251,267,268,290
0,0,0,0,0,0,0,0,0,0,0,0,0,0,0,0,0,1,0,0,0,0,1,0,2,10,2,5,36,30,26,43,31,59,79,86,64,104,100,75,115,130,117,161,148,145,163,157,185,189,186,212,200,250,252,246,252,269,271,290
0,0,0,0,0,0,0,0,0,0,0,0,0,0,0,0,0,0,0,0,0,0,1,0,2,9,4,7,36,28,25,43,34,60,78,87,63,106,101,75,116,132,115,162,146,145,163,154,183,187,184,211,200,247,254,244,252,269,268,287
0,0,0,0,0,0,0,0,0,0,0,0,0,0,0,0,0,0,0,0,0,1,1,0,1,7,6,8,38,28,26,43,33,60,76,87,63,109,103,78,117,132,116,165,152,148,163,155,185,187,185,214,201,249,256,247,252,273,269,290
0,0,0,0,0,0,0,0,0,0,0,0,0,0,0,0,0,0,0,0,0,0,2,0,1,6,10,6,38,26,27,41,33,58,76,89,62,107,103,76,117,132,114,166,152,146,162,152,183,186,182,211,201,248,253,244,251,272,268,291
0,0,0,0,0,0,0,0,0,0,0,0,0,0,0,0,0,1,0,0,0,0,0,0,0,6,9,7,40,26,27,40,32,61,77,88,65,109,106,79,117,131,117,166,152,149,160,153,183,186,183,212,202,251,254,245,254,274,269,293
0,0,0,0,0,0,0,0,0,0,0,0,0,0,0,1,0,1,0,0,0,0,0,0,2,7,11,8,39,26,25,40,32,60,80,89,65,108,105,78,118,131,118,168,150,146,165,151,180,184,183,210,202,249,252,243,253,273,268,291
0,0,0,0,0,0,0,0,0,0,0,0,0,0,0,0,0,0,0,0,0,0,0,0,2,7,9,8,40,28,26,42,30,61,79,89,66,110,106,78,116,130,120,170,151,146,167,152,183,185,188,213,204,250,253,243,255,274,269,293
0,0,0,0,0,0,0,0,0,0,0,0,0,0,0,0,0,1,0,0,0,0,0,0,1,9,10,7,40,28,25,41,32,59,79,92,64,110,103,77,118,129,118,171,150,146,167,150,185,187,185,210,203,251,251,241,254,271,267,290
0,0,0,0,0,0,0,0,0,0,0,0,0,0,0,0,0,0,0,1,1,1,0,0,0,10,7,8,40,31,25,42,31,63,79,90,66,110,104,78,118,127,119,172,153,150,165,152,186,187,187,212,204,253,251,242,255,271,268,291
0,0,0,0,0,0,0,0,0,0,0,0,0,0,0,0,0,0,0,0,0,0,0,0,0,10,9,9,40,29,24,41,32,62,78,89,65,109,102,77,118,126,116,173,151,150,166,151,185,185,187,210,204,251,250,240,255,269,269,288
0,0,0,0,0,0,0,0,0,0,0,0,0,0,0,0,0,0,0,2,1,0,0,0,0,8,8,9,42,30,25,41,30,63,77,89,65,112,104,78,117,127,117,174,154,153,168,152,190,186,190,211,206,252,252,243,256,269,270,290
0,0,0,0,0,0,0,0,1,0,0,0,0,0,0,0,0,0,0,2,0,0,0,0,0,7,9,9,41,29,25,42,29,61,78,88,66,112,106,77,120,126,115,174,151,152,170,151,188,187,190,208,204,250,252,245,256,269,268,290
0,0,0,0,0,0,0,0,0,0,0,0,0,0,0,0,0,0,0,2,0,0,0,0,1,6,9,9,40,32,24,44,30,62,79,87,66,111,109,79,118,126,116,174,153,155,172,156,189,190,191,211,205,254,254,246,256,271,269,291
0,0,0,0,0,0,0,0,0,0,0,0,0,0,0,0,0,1,0,0,0,0,1,0,0,5,9,10,39,31,23,44,29,60,80,87,65,110,107,76,119,132,117,176,150,153,174,154,188,188,188,210,204,254,254,246,255,270,269,289
0,0,0,0,0,0,0,0,0,0,0,0,2,0,0,0,0,0,0,2,0,1,0,0,2,3,9,12,39,32,26,44,27,62,79,85,69,111,108,76,118,134,121,175,150,154,173,156,190,191,192,212,204,254,258,249,257,271,269,290
0,0,0,0,0,0,0,0,0,0,0,0,2,0,0,0,0,2,0,0,1,1,0,0,1,4,10,12,38,33,25,45,28,65,79,84,69,110,107,75,118,135,120,173,150,153,175,156,188,192,191,212,204,253,256,247,258,269,267,288
0,0,0,0,0,0,0,0,0,0,0,0,0,0,0,0,0,1,2,0,0,2,0,0,3,3,7,11,37,36,25,47,28,67,78,83,70,113,108,75,118,136,122,174,150,156,175,156,190,193,191,213,205,254,257,248,260,272,268,290
0,0,0,0,0,0,0,0,0,0,0,0,2,0,0,1,0,0,0,0,2,1,0,0,3,4,8,10,36,33,25,46,27,64,77,88,69,113,105,73,117,136,120,172,149,153,176,156,189,191,189,213,203,252,256,247,258,273,268,289
0,0,0,0,0,0,0,0,0,0,0,0,1,0,0,0,0,0,0,0,2,4,0,0,4,3,5,9,37,34,24,47,25,68,76,89,69,112,106,74,116,136,122,173,150,154,175,156,191,191,191,214,206,255,257,249,257,275,274,293
0,0,0,0,0,0,0,0,0,0,0,0,3,0,0,0,0,0,0,0,2,4,2,0,1,2,6,7,39,31,28,48,25,66,75,91,67,111,105,74,115,135,120,172,148,152,176,154,188,191,190,213,206,253,256,249,256,272,272,290
0,0,0,0,0,0,0,0,0,0,0,0,1,0,0,0,0,0,0,6,0,4,0,0,3,1,5,7,40,31,28,47,23,68,77,90,68,111,107,75,113,136,120,172,150,152,174,159,191,191,192,214,207,256,259,252,257,273,273,291
0,0,0,0,0,0,0,0,0,0,0,0,2,0,0,0,0,1,0,3,0,3,1,0,0,2,6,6,38,33,26,45,23,66,77,93,68,115,108,74,114,138,118,171,147,150,173,157,189,189,191,212,206,255,257,250,259,271,271,290
0,0,0,0,0,0,0,0,0,0,0,0,0,0,0,1,0,0,1,3,0,2,0,0,0,2,4,7,38,34,25,46,23,68,76,94,70,117,109,74,114,136,120,171,149,150,172,159,191,191,193,213,208,255,259,254,259,271,273,291
0,0,0,0,0,0,0,0,0,0,0,0,0,0,0,1,0,0,0,3,0,2,0,0,0,3,4,6,37,32,24,46,25,68,76,93,70,121,106,72,117,136,119,171,151,151,173,158,188,190,191,211,206,256,256,252,260,269,271,289
0,0,0,0,0,0,0,0,0,0,0,0,0,0,0,0,0,0,0,5,0,2,0,0,0,1,1,8,36,33,28,47,23,70,75,94,73,120,107,73,116,136,119,172,154,154,172,161,190,191,195,215,206,256,257,255,261,269,271,289
0,0,0,0,0,0,0,0,0,0,0,0,0,0,0,0,0,0,0,3,0,2,0,0,0,0,3,6,35,34,29,47,24,68,76,93,73,119,106,70,115,138,118,173,154,154,172,161,189,189,196,217,206,254,254,252,265,268,270,287
0,0,0,0,0,0,0,0,0,0,0,0,0,0,1,1,0,0,0,4,0,2,0,1,1,0,1,6,34,37,32,48,24,69,75,91,75,120,107,74,114,138,120,174,156,155,172,163,189,190,197,221,206,258,254,254,266,271,271,289
0,0,0,0,0,0,0,0,0,0,0,0,0,0,0,0,0,0,0,4,0,0,1,0,0,2,3,5,33,36,33,48,26,69,75,90,76,118,105,72,115,137,117,173,153,155,171,163,191,189,197,221,206,256,254,251,266,269,270,287
0,0,0,0,0,0,0,0,0,0,0,0,0,0,0,0,0,0,0,5,0,0,0,1,0,1,1,5,34,36,35,50,24,70,75,92,75,120,107,76,117,137,117,176,155,159,172,166,191,189,199,223,208,257,258,251,266,270,272,289
0,0,0,0,0,0,0,0,0,0,0,0,0,0,0,0,0,0,0,5,0,1,0,2,1,2,2,6,35,35,33,49,27,68,78,92,74,119,107,76,118,139,117,177,153,157,172,165,188,188,198,223,208,255,258,249,266,269,270,291
0,0,0,0,0,0,0,0,0,0,0,0,0,0,0,0,0,0,0,6,0,2,0,2,1,1,0,6,37,35,33,50,25,69,76,91,73,118,110,78,119,141,118,177,157,157,173,168,190,192,201,225,211,256,261,250,265,271,272,292
0,0,0,0,0,0,0,0,0,0,0,0,0,1,0,0,1,0,0,5,0,3,0,1,1,1,4,5,36,33,32,48,27,67,76,90,73,120,108,75,119,142,116,176,158,156,175,167,189,190,201,224,210,256,260,249,265,270,272,290
0,0,0,0,0,0,0,0,0,0,0,0,0,0,0,0,2,0,0,8,0,3,0,2,1,1,2,4,36,34,31,47,29,68,76,88,73,122,110,75,119,140,116,176,163,156,174,168,191,190,201,226,209,257,262,254,264,273,272,290
0,0,0,0,0,0,0,0,0,0,0,0,0,0,0,0,0,1,0,7,1,4,0,0,0,0,3,5,34,33,31,46,32,67,78,90,72,122,110,72,123,142,115,175,163,153,176,167,188,190,203,223,211,255,262,252,264,272,269,289
0,0,0,0,0,0,0,0,0,0,0,0,0,0,0,0,0,0,0,7,0,3,0,0,0,1,0,4,35,36,31,46,31,68,79,88,72,122,111,75,123,142,117,176,166,153,175,168,189,193,205,224,213,256,266,253,265,273,271,290
0,0,0,0,0,0,0,0,0,0,0,0,0,0,0,0,0,0,1,5,0,2,0,2,0,0,1,3,34,35,30,44,30,66,79,91,71,122,110,73,124,142,115,176,167,151,175,167,190,194,204,221,212,253,267,252,264,271,269,289
0,0,0,0,0,0,0,0,0,0,0,0,0,0,0,1,0,0,0,6,0,2,2,3,0,0,1,3,34,37,30,44,31,69,82,93,72,122,111,75,122,143,117,179,172,152,174,168,190,194,205,221,212,254,268,253,266,273,269,290
0,0,0,0,0,0,0,0,0,0,0,0,0,0,0,0,0,0,0,4,0,1,2,4,0,0,2,3,33,34,31,42,34,66,83,92,72,122,109,73,122,143,116,178,172,153,174,166,187,197,203,220,212,253,267,251,266,273,266,287
0,0,0,0,0,0,0,0,0,0,0,0,0,0,0,3,0,0,0,4,0,0,2,3,0,0,0,4,33,35,32,43,32,68,82,91,77,122,110,76,121,141,117,180,174,154,174,168,190,199,205,222,214,254,269,253,269,275,267,288
0,0,0,0,0,0,0,1,0,0,0,0,0,0,0,0,0,0,0,2,0,0,2,2,1,0,2,3,35,33,32,46,35,66,83,92,75,122,109,77,121,141,117,181,172,153,174,166,191,199,204,222,213,253,267,251,267,272,267,286
0,0,0,0,0,0,0,0,0,0,0,0,0,0,0,0,0,0,0,2,0,0,2,3,3,0,0,2,34,36,31,48,33,67,84,92,75,123,111,81,121,141,118,181,174,156,175,169,192,199,205,224,212,253,269,252,266,273,269,287
0,0,0,0,0,0,0,0,0,0,0,0,0,0,0,0,0,1,0,0,0,0,2,3,3,0,0,2,33,35,32,48,35,68,83,92,74,124,109,79,121,143,117,179,171,154,174,167,190,199,204,228,211,253,267,250,265,272,271,285
0,0,0,0,0,0,0,0,0,0,0,0,0,0,0,0,0,0,0,0,0,0,1,4,3,0,2,3,34,37,31,48,35,69,81,91,74,123,111,82,121,142,118,178,171,155,173,169,191,199,207,228,213,258,268,252,266,276,273,287
0,0,0,0,0,0,0,0,0,0,0,0,0,0,0,0,0,0,0,0,2,1,1,2,2,0,4,2,35,35,29,47,35,69,82,90,72,124,111,83,121,144,115,179,176,155,173,167,191,199,205,226,214,258,265,254,265,275,271,284
0,0,0,0,0,0,0,0,0,0,0,0,0,2,0,1,0,0,0,0,1,0,2,3,6,0,1,2,36,36,29,47,33,72,83,89,73,124,111,84,121,143,118,179,177,156,172,168,193,200,206,229,215,261,268,258,266,278,272,285
0,0,0,0,0,0,0,0,0,0,0,0,0,1,0,2,0,0,0,0,0,0,3,2,5,0,3,3,34,37,27,46,35,70,83,89,73,124,109,83,124,144,119,180,175,154,174,168,191,200,205,226,214,259,267,256,266,277,269,285
0,0,0,0,0,0,0,0,0,0,0,1,0,1,0,1,0,1,0,0,0,0,3,1,5,0,2,2,34,41,26,47,33,72,84,89,75,123,110,87,124,145,120,179,177,156,174,170,194,204,207,227,213,261,269,257,266,280,271,288
0,0,0,0,0,0,0,0,0,0,0,0,0,0,0,1,0,0,0,0,0,0,2,1,5,0,5,0,34,38,26,47,32,70,86,89,75,122,108,85,126,147,119,177,176,154,175,168,191,202,206,225,214,260,267,255,265,278,268,289
0,0,0,0,0,0,0,0,0,0,0,0,0,0,0,0,0,0,0,0,0,0,0,2,5,0,4,0,33,39,27,49,31,70,84,90,74,121,113,88,126,148,119,176,177,155,175,171,191,204,207,226,214,262,268,257,266,278,270,290
0,0,0,0,0,0,0,0,1,0,0,0,0,0,0,0,0,0,1,0,1,0,2,3,3,0,5,1,33,37,28,47,31,71,85,89,73,119,112,86,127,147,117,176,175,154,178,170,191,203,208,226,216,259,269,254,266,276,271,288
0,0,0,0,0,0,0,0,0,0,0,0,0,2,0,0,0,0,0,0,1,0,0,4,4,0,2,1,34,39,30,48,29,76,85,88,75,120,113,88,126,146,120,177,178,158,177,174,192,203,209,229,218,262,276,256,266,276,274,289
0,0,0,0,0,0,0,0,0,0,0,0,0,0,0,0,0,0,0,0,0,0,2,2,5,0,3,0,36,37,30,49,28,76,85,89,76,121,110,87,125,147,117,177,176,157,177,172,191,203,207,226,219,261,278,256,267,276,271,289
0,0,0,0,0,0,0,0,0,0,0,0,0,1,0,0,0,0,0,0,0,0,1,3,6,0,0,1,37,40,31,51,27,77,83,89,81,121,114,91,125,148,118,177,176,158,176,175,193,206,209,227,220,262,279,257,270,278,272,291
0,0,0,0,0,0,0,0,0,0,0,0,0,2,0,0,0,2,0,0,0,0,3,1,4,0,1,1,38,40,32,49,29,78,84,90,82,120,112,92,126,147,117,177,173,158,178,173,191,205,207,224,220,260,278,260,269,275,270,291
0,0,0,0,0,0,0,0,0,0,0,0,0,1,0,0,0,0,0,2,0,0,3,2,4,0,0,1,41,41,31,48,28,81,82,88,82,122,113,94,127,145,120,176,174,160,177,174,193,205,207,226,221,262,281,265,270,278,270,292
0,0,0,0,0,0,0,0,0,0,0,0,0,0,0,0,0,0,0,0,0,0,3,2,3,0,2,1,41,39,30,47,28,78,82,90,81,122,113,93,127,145,121,175,173,159,178,176,191,204,206,223,219,259,278,262,270,276,270,289
0,0,0,0,0,0,0,0,0,0,0,0,0,0,0,0,0,0,0,0,0,0,2,6,4,2,1,0,41,39,30,46,26,78,83,88,81,121,114,97,127,148,122,176,174,163,180,176,191,204,207,224,219,259,280,263,269,278,270,290
0,0,0,0,0,0,0,1,0,0,0,0,0,2,0,0,0,0,0,0,0,1,3,4,3,2,1,0,42,36,29,46,26,77,84,88,82,120,112,95,130,148,121,176,172,163,182,173,191,204,206,222,218,259,277,261,268,276,269,287
0,0,0,0,0,0,0,1,0,0,0,0,1,1,0,0,0,0,0,0,0,0,1,3,3,2,0,1,41,40,29,50,26,78,83,88,83,120,114,97,128,147,123,176,173,166,180,177,192,206,208,224,218,260,278,262,269,277,270,291
0,0,0,0,0,0,0,0,0,0,0,0,0,0,0,0,0,0,0,2,0,0,2,3,1,2,0,0,40,38,29,50,29,76,83,88,83,120,112,96,128,149,121,176,170,164,181,177,191,207,207,224,217,259,276,260,269,274,268,290
0,0,0,0,0,0,0,0,0,0,0,0,1,0,0,0,0,0,0,2,0,0,2,5,1,2,0,0,39,42,29,51,30,76,82,89,83,119,116,98,130,147,125,175,172,164,181,179,194,207,209,225,216,260,277,263,271,275,269,291
0,0,0,0,0,0,0,0,0,0,0,0,0,0,1,0,0,0,0,1,0,0,3,3,0,2,0,5,39,40,30,52,31,73,82,91,84,118,114,97,132,146,125,175,169,163,182,179,192,207,206,223,216,257,276,262,270,274,266,290
0,0,0,0,0,0,0,0,0,0,0,1,0,0,3,0,0,0,0,2,1,0,3,3,0,3,0,6,38,40,30,51,31,74,80,91,85,119,115,98,131,146,127,177,171,165,181,181,192,208,208,225,217,260,277,264,269,278,267,291
0,0,0,0,0,0,0,0,0,0,0,0,0,0,4,0,1,0,0,2,1,0,6,1,0,4,0,5,37,38,31,51,30,73,79,90,83,120,113,96,131,146,128,176,170,166,183,183,189,212,206,222,217,258,278,264,269,276,264,290
0,0,0,0,0,0,0,0,0,0,0,0,2,0,2,2,0,0,0,0,0,0,4,1,0,4,1,4,38,40,33,51,30,74,77,92,83,123,114,96,130,147,129,176,170,168,182,183,193,212,206,223,217,260,280,266,269,277,267,293
0,0,0,0,0,0,0,0,0,0,0,0,2,0,3,1,1,0,0,0,2,0,5,3,0,3,3,5,37,39,32,50,31,73,77,93,83,126,113,97,130,147,132,174,167,167,184,181,192,211,203,220,215,259,280,266,270,275,268,292
0,0,0,0,0,0,0,0,0,0,0,0,0,0,2,0,0,2,0,0,1,0,3,5,0,2,3,3,36,39,33,49,31,76,78,93,84,125,114,99,129,147,133,175,170,169,182,183,193,213,204,221,215,261,284,269,269,277,270,295
0,0,0,0,0,0,0,0,0,0,0,0,0,1,2,0,0,2,0,0,1,0,3,6,0,3,5,5,35,36,33,48,32,74,82,93,85,124,112,99,129,146,135,174,167,167,183,182,192,212,202,219,214,259,281,267,270,275,270,293
0,0,0,0,0,0,0,0,0,0,0,0,0,0,7,0,0,3,0,0,0,0,3,5,0,2,5,4,35,36,33,49,31,74,81,91,85,124,114,101,129,144,136,176,169,167,182,184,194,212,203,220,214,261,281,269,270,278,270,293
0,0,0,0,0,0,0,0,0,0,0,0,0,0,9,0,0,6,0,0,0,0,2,5,0,3,8,4,37,34,34,47,31,72,80,95,83,123,112,98,130,145,133,175,169,167,185,181,192,212,204,223,216,258,278,267,269,275,270,290
0,0,0,0,0,0,0,0,0,0,0,0,0,0,7,0,0,5,0,0,0,0,1,5,0,3,6,2,37,35,36,48,30,72,78,93,87,123,114,98,129,143,135,177,170,168,184,184,195,212,204,225,218,259,279,269,268,276,272,290
0,0,0,0,0,0,0,0,0,0,0,1,0,0,8,0,0,4,0,0,1,0,0,3,0,3,5,1,36,35,36,47,31,70,80,92,89,122,113,96,130,144,135,176,167,165,185,182,194,211,202,223,219,258,277,269,267,275,270,291
0,0,0,0,0,0,0,0,0,0,0,2,0,0,6,0,0,6,0,0,1,0,0,4,1,2,5,0,35,37,36,47,30,74,78,90,90,121,115,97,128,143,136,176,170,168,185,183,195,211,203,224,219,258,278,270,269,276,271,292
0,0,0,0,0,0,0,0,0,0,0,2,0,0,6,0,0,6,0,1,4,0,0,4,0,1,5,0,34,34,38,46,31,71,80,92,89,121,114,94,129,143,133,175,169,167,185,182,193,210,202,223,220,256,276,268,268,275,269,291
0,0,0,0,0,0,0,0,0,0,0,4,0,0,4,0,0,4,0,1,3,0,0,3,1,0,10,2,34,36,39,47,31,74,78,91,88,121,115,94,130,142,135,176,171,167,186,184,195,210,203,224,220,257,278,269,268,276,271,292
0,0,0,0,0,0,0,0,0,0,0,2,0,0,3,0,0,5,0,0,2,0,0,4,0,0,9,2,36,35,40,45,33,71,78,92,89,119,114,94,130,141,136,174,172,165,185,183,193,209,201,221,219,256,276,266,268,275,272,292
0,0,0,0,0,0,0,0,0,0,0,3,0,0,3,0,1,5,0,0,0,0,0,3,3,1,10,1,36,35,40,44,34,72,78,94,90,120,114,95,130,140,136,175,172,166,184,184,195,210,202,223,219,256,278,267,269,276,272,294
0,0,0,0,0,0,0,0,0,0,0,1,0,0,2,0,2,4,0,0,0,0,0,1,1,0,12,1,35,33,40,44,35,69,79,94,88,118,113,94,130,139,135,175,169,163,183,181,192,209,199,221,222,253,280,264,269,274,269,293
0,0,0,0,0,0,0,0,0,0,0,0,0,0,1,0,3,3,0,0,0,0,0,0,0,0,10,0,34,36,42,43,34,71,81,92,89,118,115,94,128,141,138,174,170,165,183,181,193,208,200,223,225,253,282,266,271,276,273,293
0,0,0,0,0,0,0,0,0,0,0,0,0,0,1,0,1,3,0,0,0,0,0,1,0,0,11,0,33,35,44,42,35,70,82,94,88,117,112,91,127,141,136,173,167,163,184,179,193,209,200,222,225,252,282,266,274,275,271,291
0,0,0,0,0,0,0,0,0,0,0,0,0,0,0,1,1,1,0,0,0,0,0,3,0,0,9,1,34,36,45,41,35,71,83,94,90,116,114,92,126,139,137,174,167,164,182,181,193,208,201,224,226,252,283,267,275,276,274,293
0,0,0,0,0,0,0,0,0,0,0,0,0,0,0,1,1,1,0,0,0,0,0,2,0,0,9,3,34,35,43,39,35,70,83,93,90,114,115,92,128,139,134,173,167,161,182,180,191,211,200,222,225,249,282,265,275,275,275,290
0,0,0,0,0,0,0,0,0,0,0,0,0,0,0,0,3,0,0,0,0,0,0,3,0,2,9,3,36,36,45,38,35,72,82,93,93,114,115,93,129,139,137,174,168,162,180,181,192,213,203,223,228,252,284,267,274,279,278,292
0,0,0,0,0,0,0,0,0,0,0,0,0,0,0,0,2,0,0,0,1,0,0,4,0,2,9,5,35,36,44,38,37,69,82,93,96,112,115,90,130,141,135,172,166,162,182,181,189,212,204,223,229,252,282,264,273,276,277,290
0,0,0,0,0,0,0,0,0,1,0,0,0,0,0,0,1,0,0,0,0,0,0,4,0,0,9,6,36,37,45,38,35,70,82,92,97,112,117,92,131,141,138,175,167,162,181,183,193,211,206,224,230,252,286,267,273,279,277,291
0,0,0,0,0,0,0,0,0,0,0,0,0,0,0,0,2,0,0,0,0,0,1,4,0,0,9,7,34,34,44,37,36,70,84,93,97,110,115,91,132,143,135,174,166,160,180,182,190,211,205,224,228,252,284,265,273,280,274,290
0,0,0,0,0,0,0,0,1,0,0,0,0,0,0,0,3,0,0,0,0,1,0,4,0,0,10,9,33,35,46,36,36,72,84,93,96,110,118,92,132,142,137,175,167,163,178,185,194,211,208,225,228,253,285,267,274,280,274,290
0,0,0,0,0,0,0,0,0,0,1,0,1,0,0,0,3,0,1,0,0,0,0,4,0,1,11,9,32,33,46,36,37,69,84,94,99,111,118,91,132,142,134,177,167,163,177,184,192,213,206,224,228,253,283,264,272,277,273,287
0,0,0,0,0,0,0,0,0,0,2,0,0,0,0,0,2,1,0,0,0,0,0,5,0,2,10,8,31,34,45,38,36,70,83,96,101,111,119,93,133,140,136,179,169,164,176,188,194,212,209,224,228,254,283,264,271,279,274,288
0,0,0,0,0,0,0,0,0,0,0,0,0,0,0,0,0,1,1,0,3,0,0,5,0,1,10,9,29,31,47,39,36,70,82,95,99,109,116,92,132,140,134,177,168,164,176,187,191,212,206,224,229,251,280,262,270,276,272,287
0,0,0,0,0,0,0,0,0,0,0,0,0,0,0,0,0,1,0,3,3,1,0,6,0,0,10,10,29,33,47,38,39,71,85,93,98,109,118,94,131,140,136,176,171,167,176,189,193,212,206,224,231,253,281,262,273,277,273,289
0,0,0,0,0,0,0,0,0,0,0,0,0,0,0,1,0,3,0,1,1,3,0,5,1,0,10,9,28,33,46,40,38,68,85,92,98,108,116,93,132,142,135,174,170,165,177,189,192,213,204,222,231,250,280,262,273,277,270,287
0,0,0,0,0,0,0,0,0,0,0,0,0,0,0,1,0,1,0,3,1,1,0,7,0,0,9,10,29,35,45,40,37,69,84,93,97,107,117,95,131,145,135,176,171,166,175,191,194,214,206,224,231,251,282,262,275,278,270,288
0,0,0,0,0,0,0,0,0,0,0,0,0,0,0,1,0,1,1,2,1,2,0,7,1,0,10,10,27,35,46,42,38,69,86,96,96,107,114,95,133,146,135,175,169,163,175,189,192,212,204,224,233,251,280,263,274,276,268,287
0,0,0,0,0,0,0,0,0,0,0,0,0,1,0,0,0,1,1,2,0,0,1,8,2,0,12,9,28,37,47,43,37,69,87,97,95,108,115,97,134,145,139,174,169,165,174,189,193,212,205,225,233,253,283,265,277,277,268,288
0,0,0,0,0,0,0,0,0,0,0,0,0,0,0,0,0,1,0,0,0,0,0,6,3,0,13,11,26,38,46,41,36,68,87,97,93,106,114,96,135,146,138,173,168,166,175,186,194,211,205,225,231,250,281,264,276,276,269,285
0,0,0,0,0,0,0,0,0,0,0,0,0,0,0,0,0,0,0,1,0,0,0,6,4,0,11,11,26,39,46,44,35,68,86,98,94,107,117,98,134,148,138,173,170,168,174,187,194,215,209,226,232,250,283,264,277,277,270,286
0,0,0,0,0,0,0,0,0,0,0,0,0,0,0,0,0,1,0,0,0,0,0,5,5,4,10,10,26,38,45,43,36,67,86,98,94,110,114,95,134,149,136,172,167,167,174,185,191,213,209,225,232,251,284,264,278,277,267,286
0,0,0,0,0,0,0,0,1,0,0,0,0,0,0,0,0,0,0,0,0,0,0,4,3,1,10,8,26,40,45,45,37,67,85,97,95,110,115,96,135,148,137,173,168,168,174,185,192,213,210,226,231,255,290,266,278,278,270,287
0,0,0,0,0,0,0,0,0,0,0,0,0,0,0,0,0,0,1,0,0,0,0,2,4,3,11,9,28,38,45,45,38,66,85,96,95,109,114,96,135,149,135,173,165,169,175,184,189,212,210,226,230,253,290,265,278,277,270,289
0,0,0,0,0,0,0,0,0,0,0,0,0,0,0,0,0,0,0,0,0,3,0,2,3,1,9,7,29,40,45,46,37,68,84,96,95,108,114,98,135,147,137,173,166,169,177,185,191,212,213,227,231,255,291,265,280,277,272,289
0,0,0,0,0,0,0,0,0,0,0,0,0,0,0,0,0,1,0,0,0,1,0,2,4,3,9,8,28,38,47,45,36,69,84,97,93,109,113,96,135,148,135,171,165,170,177,186,189,210,213,225,232,253,289,262,278,277,269,289
0,0,0,0,0,0,0,0,0,0,0,0,0,0,0,1,0,0,0,0,1,2,0,2,1,1,7,7,27,40,48,46,34,70,88,97,92,108,114,97,134,149,137,171,166,171,176,189,190,209,214,226,232,256,290,263,278,277,271,292
0,0,0,0,0,0,0,0,0,0,0,0,0,0,0,0,0,0,0,1,0,0,0,0,4,1,8,10,26,38,49,45,33,67,88,97,94,109,112,95,134,149,136,170,165,169,178,189,190,207,213,223,234,256,289,261,277,277,273,289
0,0,0,0,0,0,0,0,0,0,0,0,0,0,0,0,0,0,0,0,0,2,0,0,2,2,7,12,27,40,49,44,32,69,86,98,93,109,115,96,134,151,137,170,167,170,176,191,190,207,213,224,234,257,291,262,278,281,277,292
0,0,0,0,0,0,0,0,0,0,0,0,1,0,0,0,0,0,0,0,0,0,0,0,4,3,8,11,27,38,50,42,34,68,85,98,92,110,115,94,135,151,135,169,166,168,177,189,188,205,213,223,232,259,288,260,277,280,276,291
0,0,0,0,0,0,0,0,0,0,0,0,0,0,1,1,0,0,0,0,0,1,1,0,2,1,8,11,27,39,50,41,34,70,85,96,92,110,117,94,138,149,136,169,168,170,177,191,190,206,215,224,231,261,289,261,278,282,280,291
0,0,0,0,0,0,0,0,0,0,0,0,0,0,1,1,0,0,1,0,0,0,1,0,4,1,10,12,26,38,51,40,34,68,86,96,90,110,115,94,139,149,135,169,165,169,177,188,187,205,212,222,232,260,289,261,276,282,277,290
0,0,0,0,0,0,0,0,0,0,0,1,0,0,0,0,0,0,2,0,0,2,1,1,2,0,11,12,27,41,50,40,33,68,87,96,92,110,116,94,139,149,137,171,167,170,178,189,188,207,213,225,235,263,291,263,275,282,277,292
0,0,0,0,0,0,0,0,0,0,0,0,0,0,0,1,1,0,0,0,0,0,1,2,4,0,11,12,28,41,50,39,33,68,87,97,90,110,113,94,140,151,134,172,165,168,177,186,186,205,214,223,234,263,290,263,274,280,274,291
0,0,0,0,0,0,0,0,0,0,0,0,0,0,0,1,0,0,1,0,2,0,1,1,2,2,12,11,29,44,49,40,31,71,87,97,89,110,114,95,139,149,135,173,169,170,176,187,187,204,214,223,235,264,293,266,273,281,277,293
0,0,0,0,0,0,0,0,3,0,0,2,0,0,0,0,0,0,3,0,1,0,1,0,3,1,11,12,27,44,49,43,36,69,86,97,87,111,111,93,140,149,134,172,167,168,176,188,185,203,211,221,234,264,290,265,272,279,275,291
0,0,0,0,0,0,0,0,3,0,0,0,0,0,0,0,0,0,3,1,0,3,0,0,0,0,11,11,27,45,51,44,37,70,85,95,88,111,112,97,142,149,136,171,167,169,177,189,188,203,214,221,234,265,291,267,272,279,278,294
0,0,0,0,0,0,0,0,3,0,0,0,0,0,0,0,0,0,2,0,0,3,0,0,1,1,12,13,27,43,49,46,37,68,85,95,86,111,110,95,143,150,135,170,165,168,176,187,187,205,212,218,233,265,290,266,271,277,276,292
0,0,0,0,0,0,0,0,1,0,0,0,0,0,0,1,0,0,4,0,0,4,0,0,0,2,10,12,27,44,50,49,35,69,85,93,86,110,111,95,142,148,138,171,165,171,176,188,187,207,217,219,232,265,291,266,272,278,277,296
0,0,0,0,0,0,0,0,1,0,0,0,0,0,0,1,0,1,3,0,0,3,0,0,2,1,12,11,25,42,52,48,35,69,85,93,85,112,110,93,141,150,137,171,164,169,177,186,186,207,217,218,232,264,290,265,272,276,276,297
0,0,0,0,0,0,0,0,0,0,0,0,0,0,0,0,0,1,2,0,1,3,2,0,1,0,12,9,24,44,54,48,33,73,85,91,84,113,115,94,140,151,138,171,166,169,177,187,189,208,217,221,233,264,292,267,272,279,280,298
0,0,0,0,0,0,0,0,0,0,0,0,0,0,0,0,1,1,0,0,0,2,0,0,0,2,11,11,24,42,53,47,33,70,85,91,82,111,112,92,140,150,135,171,165,169,177,185,187,207,215,218,232,263,291,265,271,281,278,300
0,0,0,0,0,0,0,0,0,0,0,0,0,0,0,0,0,1,1,1,0,1,1,0,1,2,12,11,23,46,54,46,32,72,83,89,82,110,113,94,138,149,139,171,167,171,176,191,191,207,217,222,232,266,294,269,271,283,279,301
0,0,0,0,0,0,0,0,0,0,0,0,0,0,0,0,0,1,0,1,0,3,0,0,0,1,12,11,22,43,53,45,33,70,85,89,80,110,113,92,138,149,137,170,165,168,177,189,190,208,215,220,233,264,291,268,270,282,279,300
0,0,0,0,0,0,0,0,0,0,1,0,0,0,0,0,0,0,0,3,0,4,0,0,0,0,11,11,23,45,53,45,33,74,85,89,81,112,115,96,137,147,137,171,166,170,178,190,192,207,217,221,234,265,293,268,274,284,280,302
0,0,0,0,0,0,0,0,0,0,0,1,0,0,0,0,0,0,0,3,0,3,2,0,0,0,11,10,24,43,51,44,32,72,84,89,82,111,114,97,137,147,134,171,163,168,177,187,192,207,217,218,235,262,293,266,274,284,280,299
0,0,0,0,0,0,0,0,0,0,0,1,0,0,0,0,0,0,0,1,0,3,1,0,0,0,9,9,23,44,51,44,31,74,85,88,83,111,115,98,135,145,135,171,163,171,175,188,193,207,219,220,235,265,293,268,274,285,282,303
0,0,0,0,0,0,0,0,0,0,0,1,0,0,0,3,0,0,0,0,0,3,0,0,0,0,10,8,23,43,52,42,32,72,87,88,82,110,114,98,137,144,133,169,163,170,177,188,194,207,216,217,234,262,292,265,274,282,281,301
0,0,0,0,0,0,0,0,0,0,0,1,1,0,0,1,0,0,0,1,2,7,0,0,2,0,10,6,23,44,56,45,31,73,86,88,81,109,118,100,136,144,134,168,165,170,177,188,196,207,218,217,234,264,294,265,273,282,283,301
0,0,0,0,0,0,0,0,0,0,0,0,0,0,0,2,0,1,0,1,3,7,0,0,0,1,10,6,21,42,55,45,32,70,85,90,81,107,117,99,136,148,132,167,162,171,178,187,195,208,217,217,235,262,291,264,271,279,281,299
0,0,0,0,0,0,0,0,0,0,0,0,0,0,0,0,0,0,0,0,4,8,0,1,3,0,8,6,24,43,57,46,36,72,83,90,83,106,117,100,136,147,134,170,162,173,177,188,198,209,219,221,236,263,294,266,271,280,282,301
0,0,0,0,0,0,0,0,0,0,0,0,0,0,0,0,0,0,0,0,3,6,0,0,1,3,7,6,23,40,57,46,36,69,83,91,81,106,114,98,137,147,132,168,163,171,179,188,198,210,218,218,235,261,293,265,271,283,280,299
0,0,0,0,0,0,0,0,0,0,0,0,0,0,0,0,0,0,0,0,3,6,0,0,0,3,6,5,22,44,57,46,36,70,82,90,84,110,116,100,135,146,135,170,164,173,178,189,201,209,218,218,236,265,294,268,271,284,282,301
0,0,0,0,0,0,0,0,0,0,0,0,0,1,0,0,1,0,0,0,1,8,0,0,0,2,6,8,23,41,58,46,38,68,82,89,84,109,115,100,134,146,135,170,165,170,178,187,201,207,217,217,237,265,291,267,271,281,283,301
0,0,0,0,0,0,0,0,0,0,0,0,0,0,0,0,1,0,0,0,3,7,0,0,0,0,5,8,22,41,57,46,37,70,81,89,84,109,115,102,133,144,135,169,166,174,177,189,203,209,220,217,240,267,293,268,271,282,284,303
0,0,0,0,0,0,0,0,0,0,0,0,0,0,0,0,1,0,0,0,1,5,2,0,0,0,5,9,20,40,57,45,37,69,82,91,83,107,116,101,133,145,134,169,166,174,178,187,203,207,217,217,238,265,294,266,273,279,282,301
0,0,0,0,0,0,0,0,0,0,0,0,0,0,0,0,0,0,0,0,0,6,3,0,0,0,3,10,20,41,59,47,38,71,82,90,83,109,117,104,133,146,136,170,167,177,176,189,204,208,222,217,239,265,295,268,273,281,282,301
0,0,0,0,0,0,0,0,0,0,0,0,0,0,0,0,2,0,0,0,0,5,3,1,0,1,4,9,21,38,58,45,40,68,83,92,83,109,115,104,136,146,134,171,165,176,178,188,203,209,222,215,237,262,293,266,274,279,283,300
0,0,0,0,0,0,0,0,0,0,0,0,0,0,0,0,1,0,2,0,1,4,3,2,0,0,2,9,22,40,59,44,39,70,82,93,84,110,115,106,136,147,135,171,167,178,180,189,205,210,222,216,238,262,295,268,274,280,288,300
0,0,0,0,0,0,0,0,0,0,0,0,0,0,0,0,0,0,0,0,1,2,4,2,0,1,3,10,23,39,58,42,41,68,84,94,83,110,113,106,137,148,132,171,166,175,180,188,205,210,223,214,236,260,292,266,274,278,288,299
0,0,0,0,0,0,0,0,0,0,0,0,0,1,0,0,0,0,0,0,0,1,7,2,0,0,4,9,24,41,57,43,42,72,85,94,85,113,114,106,137,148,134,172,169,177,181,189,206,213,226,215,236,260,294,267,274,278,290,301
0,0,0,0,0,0,0,0,0,0,0,0,0,1,0,0,0,1,0,0,0,0,5,2,0,0,4,9,24,40,56,41,41,70,86,94,83,112,111,104,138,149,133,172,169,175,181,186,205,211,224,214,238,260,292,264,273,278,290,300
0,0,0,0,0,0,0,0,0,0,0,0,0,1,0,0,0,1,0,0,0,0,5,4,0,0,3,9,26,42,56,41,40,74,85,97,85,111,113,104,137,147,133,172,173,179,182,189,205,212,227,216,237,260,293,266,273,279,290,302
0,0,0,0,0,0,0,0,0,0,0,0,0,1,0,0,0,0,0,0,0,0,3,4,2,0,2,11,24,41,55,39,40,72,86,96,84,109,112,101,137,150,132,175,172,178,182,188,203,213,225,213,238,259,293,264,275,279,288,299
0,0,0,0,0,0,0,0,0,0,0,0,0,0,0,1,0,0,0,0,0,0,3,3,1,0,3,13,25,43,54,39,39,72,85,95,84,109,113,102,138,150,132,174,173,178,183,191,203,216,227,218,239,261,294,265,278,280,289,300
0,0,0,0,0,0,0,0,0,0,1,0,0,0,0,0,0,0,0,0,0,0,3,2,0,0,2,15,25,41,52,41,40,71,84,94,84,107,111,100,140,150,130,172,173,178,184,189,201,218,225,218,239,261,292,265,277,277,289,298
0,0,0,0,0,0,0,0,0,0,0,0,0,0,0,0,0,2,0,0,0,1,3,2,0,0,0,14,26,41,52,41,38,72,88,94,85,106,112,104,139,150,133,171,176,181,184,191,201,218,227,221,243,263,292,265,278,278,290,302
0,0,0,0,0,0,0,0,0,0,0,0,0,0,0,1,0,2,0,0,0,1,3,0,0,0,2,14,26,39,53,39,37,70,89,95,86,106,110,102,140,150,132,169,174,180,183,189,200,217,225,219,242,262,291,264,277,277,289,300
0,0,0,0,0,0,0,0,0,0,0,0,0,0,0,1,0,3,0,0,0,0,3,2,0,1,1,13,28,43,55,41,39,71,88,95,85,108,112,103,141,149,134,170,176,183,183,189,203,217,226,220,241,262,293,266,278,278,291,300
0,0,0,0,0,0,0,0,0,0,0,0,0,0,0,0,0,3,0,0,0,1,1,2,0,2,3,13,28,40,55,41,39,68,89,96,84,106,112,103,142,149,131,171,173,180,183,189,203,219,228,218,241,259,290,264,278,277,288,297
0,0,0,0,0,0,0,0,0,0,0,0,2,0,0,2,2,2,0,0,0,0,1,1,0,1,2,15,27,42,56,41,38,70,88,94,83,107,112,106,140,148,134,171,174,180,181,192,204,219,229,220,244,259,292,267,277,278,293,299
0,0,0,0,0,0,0,0,0,0,0,0,1,0,0,0,1,0,0,1,0,0,0,1,0,1,2,15,26,39,56,40,37,68,88,94,83,107,111,106,140,147,134,170,172,177,181,191,204,217,227,218,245,259,293,266,276,277,293,298
0,0,0,0,0,0,0,0,0,0,0,0,0,0,0,0,2,1,0,1,0,0,0,1,0,0,1,14,29,40,56,42,39,70,87,94,83,107,114,107,142,147,137,170,172,178,180,192,210,217,229,218,244,259,293,267,276,280,298,300
0,0,0,0,0,0,0,0,0,0,0,0,0,0,0,0,0,1,0,1,1,0,0,1,0,1,3,17,27,37,56,43,38,69,87,93,81,107,112,107,141,148,136,171,172,178,181,190,209,216,229,215,244,257,291,266,278,279,298,297
0,0,0,0,0,0,0,0,0,0,0,0,0,0,0,0,0,2,0,0,0,0,0,6,0,2,2,15,26,39,55,48,37,71,86,91,81,108,114,111,142,148,138,173,173,178,182,191,211,215,230,217,244,258,293,267,280,281,298,298
0,0,0,0,0,0,0,0,0,0,0,0,0,0,0,1,0,2,1,1,0,0,0,5,0,1,2,16,26,38,53,49,39,70,86,93,80,106,113,111,143,148,136,172,171,181,181,189,211,215,229,215,244,255,290,267,281,280,298,299
0,0,0,0,0,0,0,0,0,0,0,0,0,0,0,1,1,4,1,0,0,0,0,4,0,1,0,18,27,39,54,50,37,70,86,92,83,106,113,111,144,147,138,173,172,185,179,189,215,216,229,216,243,257,292,269,281,283,298,300
0,0,0,0,0,0,0,0,0,0,0,0,0,0,0,0,0,2,0,0,0,0,3,4,0,3,1,20,27,38,52,48,37,67,85,94,82,104,112,112,143,146,140,173,171,183,180,187,213,215,230,214,244,257,289,267,280,281,297,298
0,0,0,0,0,0,0,0,0,0,0,0,0,0,0,0,1,1,0,0,0,0,4,3,0,2,0,19,30,38,51,47,36,68,84,92,83,103,114,113,143,144,140,174,173,184,181,191,216,215,230,214,243,258,291,267,282,282,299,299
0,0,0,0,0,0,0,0,0,0,0,0,0,0,0,0,1,0,0,0,0,0,2,1,0,1,0,19,29,36,49,47,36,67,85,91,83,102,112,110,144,143,139,173,172,184,182,190,213,213,230,212,242,255,288,267,282,280,297,297
0,0,0,0,0,0,0,0,0,0,0,0,0,0,0,0,1,0,0,0,0,0,4,0,2,3,0,19,29,37,48,47,39,71,84,92,85,102,113,112,143,142,142,172,172,185,183,192,214,215,233,216,244,258,290,269,281,282,300,300
0,0,0,0,0,0,0,0,0,0,0,0,0,0,0,0,1,0,1,0,0,0,2,0,3,1,1,18,29,36,47,47,40,71,86,92,86,102,112,111,142,141,142,171,170,186,185,190,214,215,233,213,242,258,288,267,280,281,298,297
0,0,0,0,0,0,0,0,0,0,0,0,0,0,0,0,0,0,0,0,0,0,4,0,3,3,0,18,32,38,47,50,41,71,84,90,85,102,112,112,141,141,142,173,172,187,183,193,215,214,235,215,243,258,291,267,279,282,299,297
0,0,0,0,0,0,0,0,0,0,0,0,0,0,0,0,0,0,0,0,0,0,3,0,2,3,0,18,30,36,45,48,43,69,84,90,85,101,109,110,140,143,140,173,169,185,182,192,214,214,233,216,244,255,289,265,279,279,296,294
0,0,0,0,0,0,0,0,0,0,0,0,0,0,0,0,0,0,0,0,0,0,3,0,1,5,2,17,31,37,44,48,42,69,83,88,88,100,111,113,138,144,143,173,172,186,181,193,218,216,236,218,246,257,291,266,281,282,299,296
0,0,0,0,0,0,0,0,0,0,0,0,0,0,0,0,0,0,0,0,0,0,3,0,0,4,2,19,32,37,42,47,43,67,83,91,86,98,108,110,139,145,143,173,170,184,182,191,216,214,238,215,244,255,289,264,282,282,296,294
0,0,0,0,0,0,0,0,0,0,0,0,0,0,0,1,0,0,0,0,0,0,2,0,0,4,0,19,33,38,45,49,44,67,82,95,86,99,112,113,139,146,144,172,172,185,181,191,220,215,239,217,243,258,289,265,282,285,299,294
0,0,0,0,0,0,0,0,0,0,0,0,0,0,0,0,0,0,0,0,0,0,0,0,0,4,0,19,32,36,45,49,45,65,82,97,88,98,111,113,140,145,146,172,173,183,180,188,219,214,237,214,244,256,286,262,282,283,298,293
0,0,0,0,0,0,0,0,0,0,0,0,0,0,0,0,0,0,0,2,1,1,0,0,2,4,0,20,33,38,44,49,47,65,80,97,88,97,111,115,139,145,148,173,175,184,183,189,221,214,238,217,244,258,286,264,283,283,299,295
0,0,0,0,0,0,0,0,0,0,0,0,0,0,0,0,0,0,0,5,1,0,1,1,2,2,2,20,32,36,42,48,46,62,80,99,88,95,110,113,140,147,145,175,174,183,184,186,219,213,237,218,242,256,283,262,282,282,297,297
0,0,0,0,0,0,0,0,0,0,0,0,0,0,0,0,0,0,1,3,0,0,1,2,1,3,2,21,33,39,44,49,48,66,78,97,94,95,112,114,139,146,146,176,176,184,184,186,220,213,238,220,242,256,283,266,281,285,298,299
0,0,0,0,0,0,0,0,0,0,0,0,0,0,0,0,0,0,0,4,0,2,0,0,1,3,3,24,32,36,43,48,49,63,79,98,97,94,109,111,141,146,146,175,173,183,183,183,219,212,237,218,243,254,281,265,282,282,297,298
0,0,0,0,0,0,0,0,0,0,0,0,0,0,0,0,0,0,0,3,0,1,0,0,0,3,4,23,34,37,44,47,48,64,78,99,96,94,111,111,142,144,146,177,174,184,184,183,219,213,239,218,242,257,281,268,282,283,297,299
0,0,0,0,0,0,0,0,0,0,0,0,0,0,0,0,1,0,0,4,0,1,0,0,0,2,4,23,32,34,45,49,47,62,78,99,99,96,110,108,142,143,145,177,177,183,186,183,217,213,239,216,241,256,280,266,281,280,296,299
0,0,0,0,0,0,0,0,0,0,0,0,0,0,0,0,0,0,0,1,0,2,0,1,0,2,5,21,31,36,46,48,46,64,76,99,98,96,112,109,141,143,147,176,178,183,186,183,218,212,240,217,240,257,280,269,281,286,297,301
0,0,0,0,0,0,0,0,0,0,0,0,0,0,1,0,0,0,0,1,0,1,0,1,0,1,3,20,30,33,47,48,47,61,77,99,99,95,110,111,140,144,148,178,176,182,185,181,220,214,238,215,243,256,279,269,280,284,294,299
0,0,0,0,0,0,0,0,0,0,1,0,0,0,0,0,0,0,0,0,0,1,0,2,0,1,2,18,31,35,49,48,49,64,78,99,99,97,112,112,140,143,152,179,182,183,184,182,221,214,239,217,243,258,280,270,280,285,295,301
0,0,0,0,0,0,0,0,0,0,0,0,0,0,0,0,0,0,0,0,0,0,0,1,0,0,2,18,31,33,48,47,49,62,81,100,99,96,110,111,141,143,149,178,182,183,185,182,219,212,238,216,242,255,277,268,281,284,292,299
0,0,0,0,0,0,0,0,0,0,0,0,0,0,1,0,0,0,0,0,0,0,0,1,0,0,1,17,31,35,47,46,49,67,79,98,98,99,111,112,141,143,151,179,182,184,183,183,219,212,239,218,244,257,279,268,281,285,293,300
0,0,0,0,0,0,0,0,0,0,0,0,0,0,1,0,0,1,0,1,0,0,0,0,0,0,3,18,30,34,47,46,48,65,78,97,97,98,110,110,141,145,150,178,180,182,184,182,218,211,238,217,242,255,277,267,283,285,292,298
0,0,0,0,0,0,0,0,0,0,0,0,0,0,0,0,1,0,0,0,0,0,0,3,3,0,2,20,30,35,47,46,47,66,78,97,96,101,110,114,139,144,151,177,180,182,182,182,221,211,240,218,244,257,278,272,285,288,298,298
0,0,0,0,0,0,0,0,0,0,0,0,0,0,0,0,0,0,0,0,0,0,0,1,0,0,0,22,30,33,47,46,47,63,78,98,97,100,109,113,138,146,150,177,179,179,183,180,219,210,238,217,244,255,275,271,285,287,295,300
0,0,0,0,0,0,0,0,0,0,0,0,0,0,0,0,0,0,0,0,0,0,0,0,1,0,0,21,30,34,47,49,45,65,78,99,99,100,111,114,137,144,151,177,180,183,183,185,220,209,238,217,246,259,276,271,284,289,296,300
0,0,0,0,0,0,0,0,0,0,0,0,0,0,0,0,2,0,0,0,0,0,0,0,0,1,0,20,31,34,45,49,44,64,78,99,97,101,108,113,137,144,148,177,178,183,184,183,220,210,236,218,246,257,277,268,286,287,294,297
0,0,0,0,0,0,0,0,0,0,0,0,0,0,0,0,3,0,0,0,0,0,0,0,3,1,1,19,31,37,45,49,44,66,77,99,96,101,110,114,139,143,151,176,180,184,183,183,221,210,236,220,247,261,279,269,288,292,296,299
0,0,0,0,0,0,0,0,0,0,0,0,0,0,0,0,1,0,1,0,0,0,0,0,7,0,0,20,30,38,44,47,46,66,81,100,95,99,108,113,140,144,148,175,177,184,187,181,219,210,233,219,249,259,276,269,288,289,294,297
0,0,0,0,0,0,0,0,0,0,0,0,0,0,0,0,2,0,0,0,0,0,0,0,6,0,2,22,30,40,44,49,44,68,81,100,96,99,108,113,143,144,149,174,179,185,185,181,222,213,234,225,248,260,278,272,288,289,294,299
0,0,0,0,0,0,0,0,0,0,0,0,0,0,0,0,0,0,0,0,0,0,0,0,6,0,1,23,31,38,42,48,44,66,81,104,94,98,106,110,144,144,147,173,176,183,186,179,219,212,233,225,247,258,278,273,287,289,292,296
0,0,0,0,0,0,0,0,0,0,0,0,0,0,0,0,0,0,0,0,0,0,0,0,4,3,2,21,31,39,46,48,43,68,83,102,93,97,106,112,144,143,149,175,176,184,187,180,223,212,234,226,249,260,280,278,286,294,296,300
0,0,0,0,0,0,0,0,0,0,0,0,0,0,0,0,0,0,0,0,0,0,1,0,4,6,1,23,32,36,46,47,42,68,86,101,94,97,103,111,144,145,147,174,175,184,186,179,223,211,231,224,250,259,280,275,285,291,294,298
0,0,0,0,0,0,0,0,0,0,0,0,0,0,0,0,0,0,0,0,0,1,2,1,4,5,1,23,34,37,46,46,41,69,84,101,97,96,103,116,146,144,149,173,178,187,185,181,225,211,232,224,250,260,281,275,288,292,294,301
0,0,0,0,0,0,0,0,0,0,0,0,0,0,0,0,0,0,0,0,0,1,1,1,5,5,1,23,37,35,47,44,42,67,84,101,95,99,104,113,145,144,147,171,175,187,184,179,224,212,231,224,249,259,280,274,287,290,292,301
0,0,0,0,0,0,0,0,0,0,1,0,0,2,0,0,0,0,0,0,0,0,1,1,3,7,1,21,36,35,46,46,42,68,84,99,94,99,105,113,143,143,148,171,176,189,183,182,225,212,232,225,251,261,280,275,286,290,292,304
0,0,0,0,0,0,0,0,0,0,4,0,0,1,0,0,1,0,0,0,0,0,0,1,5,7,0,20,34,33,45,48,43,66,86,98,93,102,105,112,142,142,146,169,173,186,186,181,223,211,231,222,250,259,280,272,287,288,291,302
0,0,0,0,0,0,0,0,0,0,1,0,0,0,0,0,3,0,0,0,0,0,1,4,5,8,1,21,36,33,45,48,43,67,84,98,93,103,107,114,143,142,146,169,174,188,185,184,223,214,234,223,250,261,281,272,287,290,293,304
0,0,0,0,0,0,0,0,0,0,1,0,0,0,0,0,1,0,0,0,0,0,1,3,8,8,3,21,34,30,44,49,43,65,83,99,92,105,104,112,143,142,144,169,172,187,184,182,220,212,232,224,251,259,280,269,286,287,290,302
0,0,0,0,0,0,0,0,1,0,0,0,0,0,0,0,1,0,0,0,0,0,0,3,7,7,3,20,34,30,44,49,44,66,83,98,92,107,107,114,141,142,146,170,174,187,182,186,221,214,234,225,252,260,282,271,285,289,294,304
0,0,0,0,0,0,0,0,0,0,0,0,0,0,0,0,0,0,0,2,0,0,0,1,9,6,2,21,34,27,42,49,45,63,82,99,91,108,106,115,141,142,147,168,175,185,184,183,218,214,231,224,253,258,279,270,284,287,293,303
0,0,0,0,0,0,0,0,0,0,0,0,0,0,0,0,0,0,1,0,0,0,0,0,7,9,1,19,34,28,42,49,46,66,83,98,90,108,107,116,142,140,149,167,180,188,185,183,220,214,232,226,254,260,283,273,285,288,296,303
0,0,0,0,0,0,0,0,0,0,0,0,0,0,0,0,1,0,0,0,0,0,0,0,9,7,0,20,37,27,41,48,45,63,82,98,89,108,104,116,142,140,146,168,178,186,185,183,218,213,231,224,256,260,286,270,283,287,294,301
0,0,0,0,0,0,0,0,0,0,0,0,0,0,0,0,1,0,0,0,1,0,0,0,9,6,0,19,38,27,40,48,45,64,82,96,90,108,106,118,141,140,147,167,179,187,185,185,219,214,232,230,256,261,288,271,282,289,299,302
0,0,0,0,0,0,0,0,0,0,0,0,0,1,0,0,0,1,0,0,5,0,0,0,8,9,0,23,39,27,39,47,47,62,87,96,89,106,106,116,142,140,144,166,176,184,184,182,217,215,229,229,257,260,288,268,281,287,299,301
0,0,0,0,0,0,0,0,0,0,0,0,0,2,0,0,0,0,0,0,4,1,0,0,6,8,1,24,40,31,40,47,46,64,88,96,88,107,106,118,140,140,146,165,177,184,182,185,218,214,231,231,256,260,289,269,281,291,299,302
0,0,0,0,0,0,0,0,0,0,0,0,0,0,0,0,0,0,1,0,3,1,0,0,6,6,0,26,38,30,40,49,48,62,88,96,89,106,104,116,139,142,144,165,175,183,185,185,216,214,231,230,256,261,286,268,282,291,297,300
0,0,0,0,0,0,0,0,0,0,0,0,0,1,0,0,0,0,0,0,2,0,0,0,7,7,1,25,38,32,40,49,46,63,91,96,88,107,106,119,138,141,147,166,177,183,184,187,217,214,233,230,256,261,288,270,284,292,300,302
0,0,0,0,0,0,0,0,0,0,0,0,0,1,0,0,0,0,0,0,2,0,0,0,9,5,0,25,38,30,39,47,47,60,91,96,87,107,103,119,137,141,145,165,175,183,185,186,215,217,231,227,255,259,285,270,283,290,299,301
0,0,0,0,0,0,0,0,0,0,0,0,0,0,1,0,0,0,0,0,2,0,0,0,8,4,0,24,39,31,39,50,45,61,90,96,90,107,104,122,136,140,147,165,177,185,184,187,217,216,234,229,255,260,286,272,284,291,300,302
0,0,0,0,0,0,0,0,1,0,0,0,0,0,0,0,1,0,1,1,1,1,0,0,10,5,3,23,37,31,38,49,44,60,92,96,88,105,103,120,135,141,144,166,176,182,184,186,215,216,233,227,255,259,285,269,282,289,297,299
0,0,0,0,0,0,0,0,1,0,0,0,0,0,0,1,0,0,0,1,0,2,0,0,8,4,3,22,37,32,38,50,43,62,92,95,90,108,106,121,135,139,146,168,177,183,184,189,218,216,234,230,256,260,287,272,283,290,298,301
0,0,0,0,0,0,0,0,0,0,0,0,0,0,0,0,0,0,0,0,0,0,0,0,8,3,2,22,36,30,37,49,42,61,92,96,89,110,103,120,135,138,146,168,176,181,184,188,218,216,233,228,255,258,284,269,282,287,295,300
0,0,0,0,0,0,0,0,0,0,0,0,0,0,0,1,0,0,0,0,0,1,1,1,6,6,2,22,36,30,38,51,40,63,90,95,90,109,103,122,133,138,148,168,177,183,184,189,219,218,233,230,256,262,285,269,283,288,297,301
0,0,0,0,0,0,0,0,0,0,0,0,0,0,0,1,0,0,0,0,0,0,1,0,5,5,2,23,35,29,40,49,41,64,91,98,93,107,102,122,133,137,145,166,179,181,184,189,216,218,230,232,255,263,283,271,283,285,295,298
0,0,0,0,0,0,0,0,0,0,0,0,1,0,0,2,0,0,0,0,0,0,1,0,4,5,4,23,37,29,42,50,41,66,90,97,92,109,103,125,132,137,147,167,180,182,186,191,216,219,232,235,254,266,284,271,287,286,296,299
0,0,0,0,0,0,0,0,0,0,0,0,1,0,0,0,0,2,0,0,0,0,0,0,3,3,5,23,37,29,40,50,43,65,91,98,91,109,101,122,132,136,146,166,177,181,186,188,216,219,231,234,254,263,282,270,287,285,294,298
0,0,0,0,0,0,0,0,0,0,0,0,0,0,0,1,0,1,0,0,0,0,1,0,2,2,6,24,37,30,42,51,43,65,90,97,90,110,101,123,131,137,149,166,179,181,185,190,216,219,233,237,254,264,284,272,287,288,298,300
0,0,0,0,0,0,0,0,0,0,0,0,0,0,2,0,0,1,0,1,0,0,0,3,2,1,3,25,36,28,42,49,44,63,91,98,90,108,101,122,131,138,147,165,178,178,184,188,214,218,232,238,254,264,282,269,290,286,297,298
